Molecule ChEMBL ID,Smiles,pChEMBL Value
CHEMBL3235962,N#Cc1cccc(NC(=O)N2CCc3ccccc3[C@H]2c2ccc(C(F)(F)F)cc2)c1,7.08
CHEMBL3235983,C[C@H](NC(=O)N1CCc2ccccc2[C@H]1c1ccc(C(F)(F)F)c(F)c1)C(F)(F)F,8.0
CHEMBL1650511,FC(F)(F)c1ccccc1-c1cc(C(F)(F)F)c2[nH]c(C3=NOC4(CCCCC4)C3)nc2c1,9.38
CHEMBL2443068,O=C1CC2(CCN(C(=O)Nc3ccc(C(F)(F)F)cc3)CC2)Oc2c(Cl)cccc21,6.64
CHEMBL3959823,Cc1cccc(CN(C(=O)c2ccccc2)[C@@H](C(N)=O)c2ccccc2)c1,6.06
CHEMBL3944840,C[C@H](c1cccc(Cl)c1)N(C(=O)c1ccccc1O)[C@@H](C(N)=O)c1ccccc1,7.0
CHEMBL4644158,O=C(NCc1ccc(F)cc1)[C@@H]1Cc2c([nH]c3ccccc23)CN1,7.43
CHEMBL4649088,O=C1N[C@H](Cc2ccccc2)C(=O)N2Cc3[nH]c4ccccc4c3C[C@@H]12,8.18
CHEMBL2443089,O=C(Nc1ccc(C(F)(F)F)cc1Cl)N1CCC2(CCc3cccc(Cl)c3O2)CC1,6.75
CHEMBL391997,Oc1cc2c(cc1O)CN(C(=S)NCCc1ccc(Cl)cc1)CCC2,4.75
CHEMBL3682545,CCOC(C)(c1ccc(CN(c2ncc3ccccc3c2C)S(=O)(=O)c2ccc(C(=O)O)cc2)cc1)C(F)(F)F,8.33
CHEMBL3682546,Cc1cc2ccccc2nc1N(Cc1ccc(OC(F)(F)F)cc1)S(=O)(=O)c1ccc(C(=O)O)cc1,8.3
CHEMBL3682562,Cc1c(N(Cc2ccc(OC3CC3)cc2)S(=O)(=O)c2ccc(C(=O)O)cc2)ncc2ccccc12,7.46
CHEMBL3682573,Cc1c(N(Cc2ccc(-c3ccccc3)nc2)S(=O)(=O)c2ccc(C(=O)O)cc2)ncc2ccccc12,7.02
CHEMBL3682589,O=C(O)c1ccc(S(=O)(=O)N(Cc2ccc(OC(F)(F)F)cc2)c2ncc3ccccc3c2C2CC2)cc1,9.05
CHEMBL3682604,Cc1c(N(Cc2nc3ccccc3o2)S(=O)(=O)c2ccc(C(=O)O)cc2)ncc2ccccc12,6.71
CHEMBL3682606,Cc1c(N(Cc2ccc(OC(F)(F)F)cc2)S(=O)(=O)c2ccc(C(=O)O)cc2)nc(Br)c2ccccc12,7.82
CHEMBL3682617,Cc1c(N(Cc2ccc(OC(F)(F)F)cc2)S(=O)(=O)c2ccc(C(=O)[O-])cc2)nc2ccccc2c1Cl,7.09
CHEMBL3687329,Cc1c(N(Cc2ccc(OC(F)(F)F)cc2)S(=O)(=O)c2ccc(C(=O)[O-])cc2)ncc2ncccc12,6.47
CHEMBL3687338,Cc1c(N(Cc2cc3cccc(Cl)c3n2C)S(=O)(=O)c2ccc(C(=O)[O-])cc2)ncc2ccccc12,7.92
CHEMBL275628,NCCc1c[nH]c2ccc(F)cc12,4.88
CHEMBL3971179,C[C@H](c1cc(F)cc(F)c1)N(C(=O)c1ccccc1)[C@@H](C(N)=O)c1ccccc1,7.1
CHEMBL1289952,CCOC(=O)NCCc1c[nH]c2ccc(OCc3ccccc3)cc12,4.54
CHEMBL3935896,Cc1cccc(C(=O)N([C@H](C)c2cccc(Cl)c2)[C@@H](C(N)=O)c2ccccc2)c1,5.68
CHEMBL3926952,C[C@H](c1cc(F)cc(Cl)c1)N(C(=O)c1ccccc1)[C@@H](C(N)=O)c1ccccc1,6.75
CHEMBL256087,CC1CCC(C(C)C)C(O)C1,4.72
CHEMBL3353585,N#Cc1cc(C(F)(F)F)cnc1N(Cc1ccccc1)S(=O)(=O)c1ccc(C(=O)O)cc1,5.61
CHEMBL3353580,N#Cc1cnc(N(Cc2ccccc2)S(=O)(=O)c2ccc(C(=O)O)cc2)c(Cl)c1,4.62
CHEMBL3353579,O=C(O)c1ccc(S(=O)(=O)N(Cc2ccccc2)c2ncc(Cl)cc2Cl)cc1,6.7
CHEMBL3235967,CC(C)(C)NC(=O)N1CCc2ccccc2[C@H]1c1ccc(C(F)(F)F)cc1,7.43
CHEMBL3235959,O=C(Nc1ccccc1F)N1CCc2ccccc2[C@H]1c1ccc(C(F)(F)F)cc1,7.32
CHEMBL1288652,NCCc1c[nH]c2ccc(OCc3ccccc3)cc12,6.47
CHEMBL3353606,O=C(O)c1ccc(S(=O)(=O)N(Cc2ccc3occc3c2)c2ncc(C(F)(F)F)cc2Cl)cc1,7.82
CHEMBL3900018,Cc1cccc(COc2ccccc2C(=O)N(CCCN)Cc2cccs2)c1,6.23
CHEMBL4237383,O=C(N[C@@H](c1ccc(C(F)(F)F)c(F)c1)c1ccccc1C(F)(F)F)c1ccc2cccnc2c1,6.96
CHEMBL4246304,O=C(N[C@@H](c1cnc2ccccc2c1)c1ncccc1C(F)(F)F)c1ccc2cccnc2c1,7.12
CHEMBL4250626,O=C(O)c1ccc(C(=O)N[C@@H](c2ccc(OC(F)(F)F)c(F)c2)c2ncccc2F)cc1,7.7
CHEMBL4243837,O=C(N[C@@H](c1ccc(OC(F)(F)F)c(F)c1)c1ncccc1F)c1ccc(=O)[nH]c1,8.05
CHEMBL2443064,O=C(Nc1ccc(C(F)(F)F)cc1)N1CCC2(CCc3cc(F)cc(Cl)c3O2)CC1,6.34
CHEMBL2442051,NCCN(Cc1cccs1)C(=O)c1ccccc1OCc1ccccc1,5.91
CHEMBL2442016,CCN(C(=O)c1ccccc1OCc1ccccc1Cl)[C@H]1CCC[C@@H](N)C1,7.07
CHEMBL3235975,O=C(Nc1ccc(F)cc1)N1CCc2ccncc2C1c1ccc(C(F)(F)F)cc1,6.33
CHEMBL3235978,O=C(Nc1ccc(F)cc1)N1CCc2nccnc2[C@H]1c1ccc(C(F)(F)F)cc1,6.7
CHEMBL441472,CC(C)(C)c1ccc(NC(=O)N2CCN(c3ncccc3Cl)CC2)cc1,6.32
CHEMBL3682597,Cc1c(N(Cc2ccc3ccn(C)c3c2)S(=O)(=O)c2ccc(C(=O)O)cc2)ncc2ccccc12,7.04
CHEMBL3682600,Cc1c(N(Cc2ccc(OC(F)(F)F)cc2)S(=O)(=O)c2ccc(C(N)=O)cc2)ncc2ccccc12,7.68
CHEMBL3687366,Cc1c(N(Cc2cc3cc(F)cc(F)c3s2)S(=O)(=O)c2ccc(C(=O)O)cc2)ncc2ccccc12,8.22
CHEMBL3687390,COC(C)(c1ccc(CN(c2ncc3ccccc3c2C)S(=O)(=O)c2ccc(C(=O)O)cc2)cc1F)C(F)(F)F,8.59
CHEMBL3682610,Cc1cc2cccc(Cl)c2nc1N(Cc1ccc(OC(F)(F)F)cc1)S(=O)(=O)c1ccc(C(=O)O)cc1,8.37
CHEMBL3687324,CC(C)c1nc(N(Cc2ccc(OC(F)(F)F)cc2)S(=O)(=O)c2ccc(C(=O)O)cc2)c(C(C)C)c2ccccc12,7.32
CHEMBL3687353,Cc1c(N(Cc2ccc(C(F)(F)C3CC3)c(Cl)c2)S(=O)(=O)c2ccc(C(=O)O)cc2)nc(C2CC2)c2ccccc12,9.0
CHEMBL3687358,O=C(O)c1ccc(S(=O)(=O)N(c2ncc3ccccc3c2C2CC2)C2CCc3cc(OC(F)(F)F)ccc32)cc1,8.37
CHEMBL3682541,Cn1ccc2c(Cl)cnc(N(Cc3ccc(OC(F)(F)F)cc3)S(=O)(=O)c3ccc(C(=O)[O-])cc3)c21,7.66
CHEMBL3682542,Cc1c(N(Cc2ccc(-c3ccc(F)cc3)cc2)S(=O)(=O)c2ccc(C(=O)O)cc2)ncc2ccccc12,7.58
CHEMBL3682554,Cc1c(N(Cc2cccc3ccccc23)S(=O)(=O)c2ccc(C(=O)O)cc2)ncc2ccccc12,7.19
CHEMBL3687412,NC(=O)c1ccc(S(=O)(=O)N(Cc2ccc(OC(F)(F)F)cc2)c2ncc3ccccc3c2C2CC2)cc1,8.07
CHEMBL4780270,C[C@H](c1cc(F)cc(F)c1)N(C(=O)c1ccccc1N)[C@@H](C(N)=O)c1ccccc1,6.96
CHEMBL4749601,NC(=O)[C@@H](c1ccccc1)N(C(=O)c1ccccc1)[C@@H]1CCc2c(F)cc(Cl)cc21,6.52
CHEMBL4763338,NC(=O)[C@@H](c1ccccc1)N(C(=O)c1ccccc1)[C@@H]1COc2ccccc21,5.48
CHEMBL4754910,NC(=O)[C@@H](c1ccccc1)N(C(=O)c1ccccc1)[C@@H]1CCc2ncccc21,4.71
CHEMBL4764800,C[C@H](c1cc(F)c(F)c(F)c1)N(C(=O)c1ccccc1)[C@@H](C(N)=O)c1ccccc1,5.77
CHEMBL3687391,CCOC(C)(c1ccc(CN(c2ncc3ccccc3c2C)S(=O)(=O)c2ccc(C(=O)O)cc2)cc1F)C(F)(F)F,8.3
CHEMBL3687402,CC(C)c1nc(N(Cc2ccc(OC(F)(F)F)cc2)S(=O)(=O)c2ccc(C(=O)O)cc2)c(C2CC2)c2ccccc12,8.16
CHEMBL4647674,O=C1[C@@H]2Cc3c([nH]c4ccccc34)[C@@H](c3ccc(Cl)cc3)N2C(=O)N1Cc1ccc(F)cc1,8.39
CHEMBL3682586,Cc1c(N(Cc2ccc(OC(F)(F)F)cc2)S(=O)(=O)c2ccc(C(=O)O)cc2)nc(N2CCCC2)c2ccccc12,7.54
CHEMBL3682596,Cc1c(N(Cc2ccc3cc[nH]c3c2)S(=O)(=O)c2ccc(C(=O)O)cc2)ncc2ccccc12,7.27
CHEMBL3687330,Cc1c(N(Cc2ccc(OC(F)(F)F)cc2)S(=O)(=O)c2ccc(C(=O)[O-])cc2)ncc2ccncc12,6.52
CHEMBL3687345,Cc1c(N(Cc2ccc3c(c2)CCC3(O)C(F)(F)F)S(=O)(=O)c2ccc(C(=O)O)cc2)ncc2ccccc12,7.11
CHEMBL3687349,Cc1c(N(Cc2ccc(C(O)(C3CC3)C(F)(F)F)cc2)S(=O)(=O)c2ccc(C(=O)O)cc2)ncc2ccccc12,7.52
CHEMBL3682557,O=C([O-])c1ccc(S(=O)(=O)N(Cc2ccc(OC(F)(F)F)cc2)c2ncc3ccccc3c2Cl)cc1,8.51
CHEMBL3682560,Cc1c(N(Cc2ccc(OCC3CCC3)cc2)S(=O)(=O)c2ccc(C(=O)[O-])cc2)ncc2ccccc12,7.43
CHEMBL4246499,O=C(N[C@@H](Cc1ccccc1)c1ncccc1C(F)(F)F)c1ccc2cccnc2c1,5.94
CHEMBL3299024,FC(F)(F)Oc1cc2[nH]ncc2cc1-c1ccccc1C(F)(F)F,5.19
CHEMBL4247847,C[C@H](NC(=O)N[C@@H](c1ccc(C(F)(F)F)cc1)c1ncccc1F)C(F)(F)F,6.92
CHEMBL3687321,Cc1c(N(Cc2ccc(OC(F)(F)F)cc2)S(=O)(=O)c2ccc(C(=O)[O-])cc2)ncc2ccn(C)c12,6.06
CHEMBL3687335,Cc1c(N(Cc2cnc3ccccc3c2)S(=O)(=O)c2ccc(C(=O)[O-])cc2)ncc2ccccc12,6.78
CHEMBL3687352,Cc1cc2ccccc2nc1N(Cc1ccc2c(c1)CCCC2)S(=O)(=O)c1ccc(C(=O)O)cc1,8.16
CHEMBL3687374,Cc1c(N(Cc2ccc(C(F)(F)C3CC3)c(F)c2)S(=O)(=O)c2ccc(C(=O)O)cc2)ncc2ccccc12,8.82
CHEMBL1289835,Cc1[nH]c2ccc(OCc3ccccc3)cc2c1CCN,5.82
CHEMBL357130,CN(C)CCc1c[nH]c2ccc(OCc3ccccc3)cc12,5.25
CHEMBL3980601,COC(=O)[C@@H](c1ccccc1)N(Cc1cccc(OC)c1)C(=O)c1ccccc1,6.68
CHEMBL3889714,COc1cccc([C@H](C)N(C(=O)c2ccccc2)[C@@H](C(N)=O)c2ccccc2)c1,4.37
CHEMBL3926675,CC[C@H](c1ccccc1)N(C(=O)c1ccccc1)[C@@H](C(N)=O)c1ccccc1,4.72
CHEMBL3299019,COc1cc2[nH]ncc2cc1-c1ccccc1C(F)(F)F,4.96
CHEMBL3577885,C[C@H](c1ccc(F)cc1)N(Cc1cccc(C(=O)O)c1)C(=O)c1cnc2ccccc2c1,6.99
CHEMBL4647464,COC(=O)CC[C@H]1N[C@H](C(=O)NCc2ccc(F)cc2)Cc2c1[nH]c1ccccc21,7.81
CHEMBL1288717,NCCc1c[nH]c2ccc(Br)cc12,4.52
CHEMBL4246904,O=C(N[C@@H](c1ccc(C(F)(F)F)c(F)c1)c1ncccc1C(F)(F)F)c1ccc2cccnc2c1,7.72
CHEMBL3687392,COC(c1ccc(CN(c2ncc3ccccc3c2C)S(=O)(=O)c2ccc(C(=O)O)cc2)cc1)(C(F)(F)F)C(F)(F)F,8.77
CHEMBL3687397,Cc1c(N(Cc2ccc(OC(F)(F)F)cc2)S(=O)(=O)c2ccc(C(=O)O)cc2)nc(C2CCCC2)c2ccccc12,8.04
CHEMBL3235963,N#Cc1ccc(NC(=O)N2CCc3ccccc3[C@H]2c2ccc(C(F)(F)F)cc2)cc1,6.81
CHEMBL3235973,O=C(Nc1ccc(F)cc1)N1CCc2ncccc2[C@H]1c1ccc(C(F)(F)F)cc1,6.41
CHEMBL4752955,NC(=O)[C@@H](c1ccccc1)N(C(=O)c1cccnc1)[C@@H]1CCc2c(F)cc(F)cc21,6.96
CHEMBL4247395,O=C(N[C@@H](c1ccc(C(F)(F)F)c(F)c1)c1ncccc1C(F)(F)F)c1ccccc1,7.57
CHEMBL4245344,O=C(N[C@@H](c1ccc(C(F)(F)F)cc1)c1cnccc1C(F)(F)F)c1ccc2cccnc2c1,6.51
CHEMBL3353595,O=C(O)c1ccc(S(=O)(=O)N(Cc2ccccc2OC(F)(F)F)c2ncc(C(F)(F)F)cc2Cl)cc1,7.02
CHEMBL3353596,O=C(O)c1ccc(S(=O)(=O)N(Cc2cccc(OC(F)(F)F)c2)c2ncc(C(F)(F)F)cc2Cl)cc1,7.24
CHEMBL3353590,O=C(O)c1ccc(S(=O)(=O)N(CC2CCCCC2)c2ncc(C(F)(F)F)cc2Cl)cc1,6.98
CHEMBL2324349,Cc1c(N(Cc2ccc(F)c(C(F)(F)F)c2)S(=O)(=O)c2ccc(C(=O)O)cc2)sc2ccccc12,8.4
CHEMBL4238688,COc1ccc([C@H](NC(=O)c2ccc3cccnc3c2)c2ncccc2C(F)(F)F)cc1,7.02
CHEMBL3353591,O=C(O)c1ccc(S(=O)(=O)N(CCN2CCOCC2)c2ncc(C(F)(F)F)cc2Cl)cc1,5.43
CHEMBL3353599,O=C(O)c1ccc(S(=O)(=O)N(Cc2ccc(F)c(C(F)(F)F)c2)c2ncc(C(F)(F)F)cc2Cl)cc1,7.85
CHEMBL3682544,Cc1c(N(Cc2ccc(F)c(C(F)(F)F)n2)S(=O)(=O)c2ccc(C(=O)[O-])cc2)ncc2ccccc12,7.37
CHEMBL3682553,Cc1c(N(Cc2ccc(F)c(C(F)(F)F)c2)S(=O)(=O)c2ccc(C(=O)[O-])cc2)ncc2ccccc12,8.31
CHEMBL3682580,Cc1c(N(Cc2ccc(-c3ccccc3F)cc2)S(=O)(=O)c2ccc(C(=O)O)cc2)ncc2ccccc12,8.0
CHEMBL3682552,Cc1c(N(Cc2ccc(Oc3ccccc3)cc2)S(=O)(=O)c2ccc(C(=O)O)cc2)ncc2ccccc12,7.8
CHEMBL3682569,Cc1c(N(Cc2ccc3c(c2)CC(C)(C)C3)S(=O)(=O)c2ccc(C(=O)O)cc2)ncc2ccccc12,8.08
CHEMBL3682575,Cc1c(N(Cc2ccc3c(c2)CC(C)(C)O3)S(=O)(=O)c2ccc(C(=O)O)cc2)ncc2ccccc12,7.75
CHEMBL3682582,Cc1nc(N(Cc2ccc(OC(F)(F)F)cc2)S(=O)(=O)c2ccc(C(=O)[O-])cc2)c(C)c2ccccc12,8.12
CHEMBL3687343,Cc1c(N(Cc2ccc(CC3CC3)cc2F)S(=O)(=O)c2ccc(C(=O)O)cc2)ncc2ccccc12,8.15
CHEMBL3687346,Cc1c(N(Cc2ccc(C(C)(O)C(F)(F)C(F)(F)F)cc2)S(=O)(=O)c2ccc(C(=O)O)cc2)ncc2ccccc12,7.46
CHEMBL3687356,O=C(O)c1ccc(S(=O)(=O)N(Cc2cc3c(F)cc(F)cc3s2)c2ncc3ccccc3c2C2CC2)cc1,8.96
CHEMBL3687372,Cc1c(N(Cc2ccc(C(F)(F)C3CC3)c(Cl)c2)S(=O)(=O)c2ccc(C(=O)O)cc2)ncc2ccccc12,9.22
CHEMBL3687376,Cc1c(N(Cc2cccc(C(F)(F)C3CC3)c2)S(=O)(=O)c2ccc(C(=O)O)cc2)ncc2ccccc12,7.51
CHEMBL3687386,Cc1c(N(Cc2ccc(OC(F)(F)F)cc2)S(=O)(=O)c2ccc(C(=O)O)cc2)nc(C2CC2)c2c(C)cccc12,8.09
CHEMBL3687319,Cc1cc2cc(F)ccc2nc1N(Cc1ccc(OC(F)(F)F)cc1)S(=O)(=O)c1ccc(C(=O)O)cc1,7.04
CHEMBL3687323,COc1c(N(Cc2ccc(OC(F)(F)F)cc2)S(=O)(=O)c2ccc(C(=O)O)cc2)ncc2ccccc12,8.41
CHEMBL4248426,O=C(N[C@@H](c1ccc(C(F)(F)F)cc1)c1ncccc1C(F)(F)F)c1ccc2ncccc2c1,7.7
CHEMBL1288716,NCCc1c[nH]c2ccc(Cl)cc12,4.67
CHEMBL3687406,O=C([O-])c1ccc(S(=O)(=O)N(Cc2ccc(C(F)(F)C3CC3)c(F)c2)c2ncc3ccccc3c2C(F)(F)F)cc1,8.8
CHEMBL3687408,Cc1c(N(Cc2ccc3c(c2)c(Cl)cn3C)S(=O)(=O)c2ccc(C(=O)O)cc2)ncc2ccccc12,7.92
CHEMBL3577886,C[C@H](c1ccc(F)cc1)N(Cc1cccc(C(=O)O)c1)C(=O)c1cc2ccccc2nn1,6.47
CHEMBL3577880,C[C@H](c1ccc(F)cc1)N(Cc1cccc(C(=O)O)c1)C(=O)c1cccc(-c2ccccc2)c1,6.08
CHEMBL4750971,Cc1ncccc1C(=O)N([C@@H]1CCc2c(F)cc(Cl)cc21)[C@@H](C(N)=O)c1ccccc1,6.68
CHEMBL3577903,CC[C@H](c1ccc(C)o1)N(Cc1cccc(C(=O)O)c1)C(=O)c1cnc2ccccc2c1,6.48
CHEMBL3577902,C[C@H](c1cccc(Cl)c1)N(Cc1cccc(C(=O)O)c1)C(=O)c1cnc2ccccc2c1,7.21
CHEMBL3577891,C[C@H](c1ccc(F)cc1)N(Cc1ccc(F)c(C(=O)O)c1)C(=O)c1cnc2ccccc2c1,5.48
CHEMBL3576881,C[C@H](c1ccc(F)cc1)N(Cc1cccc(C(=O)O)c1)C(=O)c1cn2ccccc2n1,6.51
CHEMBL3235968,CC(C)NC(=O)N1CCc2ccccc2[C@H]1c1ccc(C(F)(F)F)cc1,7.36
CHEMBL3235971,O=C(NC(c1ccccc1)C(F)(F)F)N1CCc2ccccc2[C@H]1c1ccc(C(F)(F)F)cc1,6.81
CHEMBL3235972,O=C(Nc1ccc(F)cc1)N1CC(F)(F)c2ccccc2C1c1ccc(C(F)(F)F)cc1,6.49
CHEMBL3353601,CC(C)(c1ccc(CN(c2ncc(C(F)(F)F)cc2Cl)S(=O)(=O)c2ccc(C(=O)O)cc2)cc1)C(F)(F)F,8.48
CHEMBL3687403,O=C(O)c1ccc(S(=O)(=O)N(Cc2ccc(OC(F)(F)F)cc2)c2nc(C3CC3)c3ccccc3c2C2CC2)cc1,8.0
CHEMBL3898642,C[C@H](c1cccc(Cl)c1)N(C(=O)c1ccccc1)[C@@H](C(N)=O)c1ccccc1,6.4
CHEMBL3687360,Cc1c(N(Cc2ccc(C(F)(F)C3CCC3)cc2)S(=O)(=O)c2ccc(C(=O)O)cc2)ncc2ccccc12,8.77
CHEMBL4237618,O=C(N[C@@H](c1ccc(C(F)(F)F)c(F)c1)c1ncccc1F)c1ccc(=O)[nH]c1,8.3
CHEMBL2442014,CCN(C(=O)c1ccccc1OCc1ccc(Cl)cc1)[C@H]1CCC[C@@H](N)C1,6.59
CHEMBL2442013,CCN(C(=O)c1ccccc1OCc1ccc(Cl)cc1)[C@@H]1CCC[C@H](N)C1,7.71
CHEMBL2442021,CCN(C(=O)c1ccccc1OCc1ccccc1C)[C@@H]1CCC[C@H](N)C1,7.82
CHEMBL2442033,N[C@H]1CCC[C@@H](N(C(=O)c2ccccc2OCc2ccccc2)C2CCC2)C1,5.87
CHEMBL1955989,FC(F)(F)c1ccccc1-c1ccc2[nH]c(/C=C/C3CCCCC3)nc2c1,7.82
CHEMBL2443060,O=C(Nc1ccc(OC(F)(F)F)cc1)N1CCC2(CC1)C[C@H](O)c1cccc(Cl)c1O2,7.33
CHEMBL2443070,O=C1CC2(CCN(C(=O)Nc3ccc(OC(F)(F)F)cc3)CC2)Oc2c(Cl)cccc21,6.96
CHEMBL3687410,Cc1c(N(Cc2ccc(OC(F)(F)F)cc2)S(=O)(=O)c2ccc(C(=O)NC#N)cc2)ncc2ccccc12,7.85
CHEMBL3235977,O=C(Nc1ccc(F)cc1)N1CCc2cncnc2C1c1ccc(C(F)(F)F)cc1,6.11
CHEMBL3235966,O=C(Nc1ccncc1)N1CCc2ccccc2[C@H]1c1ccc(C(F)(F)F)cc1,6.4
CHEMBL3235969,C[C@H](NC(=O)N1CCc2ccccc2[C@H]1c1ccc(C(F)(F)F)cc1)C(F)(F)F,7.85
CHEMBL3235974,O=C(Nc1ccc(F)cc1)N1CCc2cnccc2C1c1ccc(C(F)(F)F)cc1,5.9
CHEMBL3974529,Cc1c(N(Cc2ccc(OC(F)(F)F)cc2)S(=O)(=O)c2ccc(C(=O)O)cc2)sc2ccccc12,8.85
CHEMBL3687354,Cc1cc2ccccc2nc1N(Cc1ccc(C(F)(F)C2CC2)cc1)S(=O)(=O)c1ccc(C(=O)O)cc1,8.4
CHEMBL3687370,Cc1c(N(Cc2cc3cccc(Cl)c3s2)S(=O)(=O)c2ccc(C(=O)O)cc2)ncc2ccccc12,8.41
CHEMBL3687382,Cn1ccc2c(N(Cc3ccc(OC(F)(F)F)cc3)S(=O)(=O)c3ccc(C(=O)O)cc3)ncc(Cl)c21,6.01
CHEMBL3687394,COC1(C(F)(F)F)CCc2cc(CN(c3ncc4ccccc4c3C)S(=O)(=O)c3ccc(C(=O)O)cc3)ccc21,8.46
CHEMBL3687413,NC(=O)c1ccc(S(=O)(=O)N(Cc2ccc(OC(F)(F)F)cc2)c2ncc3ccccc3c2C(F)(F)F)cc1,8.0
CHEMBL3682558,Cc1c(N(Cc2ccc(C3CC3)cc2)S(=O)(=O)c2ccc(C(=O)O)cc2)ncc2ccccc12,7.92
CHEMBL3682565,Cc1c(N(Cc2ccc(OCC3CC3)c(Cl)c2)S(=O)(=O)c2ccc(C(=O)[O-])cc2)ncc2ccccc12,7.7
CHEMBL3682568,Cc1c(N(Cc2ccc3c(c2)CCC3(C)C)S(=O)(=O)c2ccc(C(=O)O)cc2)ncc2ccccc12,8.89
CHEMBL3682591,Cc1c(N(Cc2ccc(OC(F)(F)F)cc2)S(=O)(=O)c2ccc(C(=O)O)cc2)nc(C(F)(F)F)c2ccccc12,7.68
CHEMBL3682608,Cc1ccc2c(C)c(N(Cc3ccc(OC(F)(F)F)cc3)S(=O)(=O)c3ccc(C(=O)O)cc3)ncc2c1,6.96
CHEMBL3682615,Cc1cc2c(Cl)cccc2nc1N(Cc1ccc(OC(F)(F)F)cc1)S(=O)(=O)c1ccc(C(=O)[O-])cc1,7.96
CHEMBL3682619,Cc1cc2ccccc2nc1N(Cc1cccc(OC(F)(F)F)c1)S(=O)(=O)c1ccc(C(=O)[O-])cc1,7.77
CHEMBL3687320,Cc1cc2ccc(F)cc2nc1N(Cc1ccc(OC(F)(F)F)cc1)S(=O)(=O)c1ccc(C(=O)O)cc1,7.16
CHEMBL3687322,O=C(O)c1ccc(S(=O)(=O)N(Cc2ccc(OC(F)(F)F)cc2)c2cc3c(Cl)cccc3c(Br)n2)cc1,6.54
CHEMBL3687326,CC(=O)c1ccc(S(=O)(=O)N(Cc2ccc(OC(F)(F)F)cc2)c2ncc3ccccc3c2C)cc1,7.02
CHEMBL3687327,O=C(O)c1ccc(S(=O)(=O)N(Cc2ccc(OC(F)(F)F)cc2)c2ncc3ccccc3c2Br)cc1,8.64
CHEMBL3687328,CCc1c(N(Cc2ccc(OC(F)(F)F)cc2)S(=O)(=O)c2ccc(C(=O)O)cc2)ncc2ccccc12,8.21
CHEMBL3687331,Cc1c(N(Cc2cc3ccccc3n2C)S(=O)(=O)c2ccc(C(=O)[O-])cc2)ncc2ccccc12,7.5
CHEMBL3687334,CCn1c(CN(c2ncc3ccccc3c2C)S(=O)(=O)c2ccc(C(=O)[O-])cc2)cc2ccc(Cl)cc21,7.15
CHEMBL3687341,Cc1c(N(Cc2ccc(C(C)(O)C(F)(F)F)c(F)c2)S(=O)(=O)c2ccc(C(=O)O)cc2)ncc2ccccc12,7.26
CHEMBL3687351,Cc1c(N(C2CCc3cc(OC(F)(F)F)ccc32)S(=O)(=O)c2ccc(C(=O)O)cc2)ncc2ccccc12,8.68
CHEMBL3687357,O=C([O-])c1ccc(S(=O)(=O)N(Cc2ccc(C(F)(F)C3CC3)c(Cl)c2)c2ncc3ccccc3c2C2CC2)cc1,8.92
CHEMBL3687395,COC(C)(c1ccc(CN(c2ncc3ccccc3c2C)S(=O)(=O)c2ccc(C(=O)O)cc2)cc1)C(F)(F)C(F)(F)F,8.23
CHEMBL3687405,O=C([O-])c1ccc(S(=O)(=O)N(Cc2cc3c(F)cc(F)cc3s2)c2ncc3ccccc3c2C(F)(F)F)cc1,8.3
CHEMBL3577906,C[C@H](c1ccc(F)cc1F)N(Cc1cccc(C(=O)O)c1)C(=O)c1cc2ccccn2n1,6.63
CHEMBL3687336,Cc1c(N(Cc2ncc(CC3CC3)cn2)S(=O)(=O)c2ccc(C(=O)[O-])cc2)ncc2ccccc12,6.25
CHEMBL3687347,Cc1c(N(Cc2cc(F)c3c(c2)CCC3)S(=O)(=O)c2ccc(C(=O)O)cc2)ncc2ccccc12,8.36
CHEMBL4237740,C[C@H](NC(=O)N[C@@H](c1ccc(C(F)(F)F)cc1)c1ncccc1C(F)(F)F)C(F)(F)F,7.29
CHEMBL3899728,NC(=O)[C@@H](c1ccccc1)N(Cc1cccc(C(F)(F)F)c1)C(=O)c1ccccc1,5.3
CHEMBL3917717,COc1cccc([C@@H](C)N(C(=O)c2ccccc2)[C@@H](C(N)=O)c2ccccc2)c1,6.62
CHEMBL3943602,COc1cccc(CN(C(=O)c2cccs2)[C@@H](C(N)=O)c2ccccc2)c1,5.77
CHEMBL4446849,O=C(/C=C/c1ccc(C(F)(F)F)cc1)Nc1ccccc1C(=O)O,4.5
CHEMBL4454519,O=C(/C=C/c1ccc(Br)cc1)Nc1ccccc1C(=O)O,4.2
CHEMBL4533807,C/C=C(\C)[C@H]1C(C)=C[C@H]2C[C@@H](C)C[C@H]3C(=O)/C(=C\NCCO)C(=O)[C@]1(C)[C@H]23,4.21
CHEMBL4249999,O=C(N[C@@H](c1ccc(C(F)(F)F)cc1)c1ncccc1C(F)(F)F)c1cccnc1,7.46
CHEMBL4247268,N#Cc1ccc(C(=O)N[C@@H](c2ccc(C(F)(F)F)cc2)c2ncccc2C(F)(F)F)cc1,7.57
CHEMBL2443065,O=C(Nc1nc(C(F)(F)F)cs1)N1CCC2(CCc3cccc(Cl)c3O2)CC1,6.58
CHEMBL3973096,COc1cc(CN(CC(N)=O)C(=O)c2cccs2)ccc1OCc1ccc(F)cc1,5.04
CHEMBL4517528,O=C(/C=C/c1ccccc1Cl)Nc1ccccc1C(=O)O,4.7
CHEMBL2443075,O=C(Nc1ccc(OC(F)(F)F)cc1)N1CCC2(CC1)CC(O)c1cccc(F)c1O2,7.65
CHEMBL2443074,O=C(Nc1ccc(C(F)(F)F)cc1)N1CCC2(CC1)CC(O)c1cccc(Br)c1O2,7.35
CHEMBL2443086,O=C(Nc1ccc(OC(F)(F)F)cc1)N1CCC2(CCc3cccc(Cl)c3O2)CC1,7.39
CHEMBL2443085,O=C(Nc1ccc(C(F)(F)F)cc1)N1CCC2(CCc3cccc(Br)c3O2)CC1,7.72
CHEMBL2442037,CCCN(C(=O)c1ccccc1OCc1ccccc1)[C@@H]1CCC[C@H](N)C1,5.91
CHEMBL3235965,O=C(Nc1cccnc1)N1CCc2ccccc2[C@H]1c1ccc(C(F)(F)F)cc1,7.55
CHEMBL2032210,O=C(Nc1ccc(F)cc1)N1CCc2ccccc2[C@H]1c1ccc(C(F)(F)F)cc1,7.44
CHEMBL3235980,N#Cc1ccc(NC(=O)N2CCc3cccnc3[C@H]2c2ccc(C(F)(F)F)cc2)cc1,7.1
CHEMBL3235982,C[C@H](NC(=O)N1CCc2ccccc2[C@H]1c1ccc(C(F)(F)F)nc1)C(F)(F)F,7.28
CHEMBL3235984,C[C@H](NC(=O)N1CCc2cccnc2[C@H]1c1ccc(C(F)(F)F)c(F)c1)C(F)(F)F,7.92
CHEMBL2442015,CCN(C(=O)c1ccccc1OCc1cccc(Cl)c1)C1CCCC(N)C1,7.01
CHEMBL4647444,COC(=O)[C@@H]1Cc2c([nH]c3ccccc23)[C@@H](c2ccccc2)N1Cc1ccccc1,7.91
CHEMBL3235964,O=C(Nc1ccccn1)N1CCc2ccccc2[C@H]1c1ccc(C(F)(F)F)cc1,6.77
CHEMBL3235961,N#Cc1ccccc1NC(=O)N1CCc2ccccc2[C@H]1c1ccc(C(F)(F)F)cc1,6.37
CHEMBL3235979,O=C(Nc1cccnc1)N1CCc2cccnc2[C@H]1c1ccc(C(F)(F)F)cc1,7.62
CHEMBL3682559,Cc1c(N(Cc2ccc(OCC3CC3)cc2)S(=O)(=O)c2ccc(C(=O)[O-])cc2)ncc2ccccc12,7.52
CHEMBL3682599,Cc1c(N(Cc2ccc3c(Cl)cn(C)c3c2)S(=O)(=O)c2ccc(C(=O)O)cc2)ncc2ccccc12,7.24
CHEMBL2443078,O=C(Nc1ccc(OC(F)(F)F)cc1)N1CCC2(CC1)C[C@H](O)c1cccc(F)c1O2,7.03
CHEMBL2443084,O=C(Nc1ccc(C(F)(F)F)cc1)N1CCC2(CCc3cccc(Cl)c3O2)CC1,7.31
CHEMBL3235976,O=C(Nc1ccc(F)cc1)N1CCc2cccnc2[C@H]1c1ccc(C(F)(F)F)cc1,7.85
CHEMBL3353572,O=C(O)c1ccc(S(=O)(=O)N(Cc2ccccc2)c2ncc(C(F)(F)F)cc2Cl)cc1,7.21
CHEMBL3353588,O=C(O)c1ccc(S(=O)(=O)N(CCc2ccccc2)c2ncc(C(F)(F)F)cc2Cl)cc1,6.12
CHEMBL3353598,O=C(O)c1ccc(S(=O)(=O)N(Cc2ccc(F)cc2)c2ncc(C(F)(F)F)cc2Cl)cc1,7.4
CHEMBL3353603,N#CC1(c2ccc(CN(c3ncc(C(F)(F)F)cc3Cl)S(=O)(=O)c3ccc(C(=O)O)cc3)cc2)CC1,7.17
CHEMBL3682548,Cc1c(N(Cc2ccccc2)S(=O)(=O)c2ccc(C(=O)[O-])cc2)ncc2ccccc12,7.03
CHEMBL3682550,Cc1c(N(Cc2ccc(CC3CC3)cc2)S(=O)(=O)c2ccc(C(=O)O)cc2)ncc2ccccc12,8.34
CHEMBL3687384,Cc1c(N(Cc2ccc(OC(F)(F)F)cc2)S(=O)(=O)c2ccc(C(=O)O)cc2)nc(-c2cccnc2)c2ccccc12,6.94
CHEMBL3687393,COC(C)(c1ccc(CN(c2ncc3ccccc3c2C)S(=O)(=O)c2ccc(C(=O)O)cc2)cc1Cl)C(F)(F)F,8.8
CHEMBL3687396,Cc1c(N(Cc2ccc(OC(F)(F)F)cc2)S(=O)(=O)c2ccc(C(=O)O)cc2)nc(C(C)C)c2ccccc12,8.55
CHEMBL8165,COc1ccc2[nH]cc(CCN)c2c1,4.91
CHEMBL460302,NCCc1c[nH]c2c(OCc3ccccc3)cccc12,5.05
CHEMBL1173240,Cc1nc(Nc2cccc3c2C[C@H](O)CC3)oc1-c1ccc(C(F)(F)F)cc1,4.36
CHEMBL2442030,N[C@H]1CCC[C@@H](N(CC2CC2)C(=O)c2ccccc2OCc2ccccc2)C1,6.23
CHEMBL3299022,FC(F)(F)c1ccccc1-c1cc2cn[nH]c2cc1OCC1CC1,5.36
CHEMBL3353584,Cc1cc(C(F)(F)F)cnc1N(Cc1ccccc1)S(=O)(=O)c1ccc(C(=O)O)cc1,6.13
CHEMBL3353578,O=C(O)c1ccc(S(=O)(=O)N(Cc2ccccc2)c2ncccc2Cl)cc1,5.01
CHEMBL3682616,Cc1c(N(Cc2ccccc2)S(=O)(=O)c2ccc(C(=O)O)cc2)nc(C2CC2)c2ccccc12,7.92
CHEMBL3687337,Cc1c(N(Cc2cc3c(Cl)cccc3n2C)S(=O)(=O)c2ccc(C(=O)[O-])cc2)ncc2ccccc12,7.68
CHEMBL3687359,Cc1nc2cc(CN(c3ncc4ccccc4c3C)S(=O)(=O)c3ccc(C(=O)O)cc3)ccc2s1,6.81
CHEMBL4251467,O=C(O)c1ccc(C(=O)N[C@@H](c2ccc(C(F)(F)F)cc2)c2ncccc2C(F)(F)F)nc1,8.0
CHEMBL4242403,O=C(N[C@@H](c1cccc(C(F)(F)F)c1)c1ncccc1C(F)(F)F)c1ccc2cccnc2c1,6.8
CHEMBL4246078,O=C(N[C@@H](c1ccccc1)c1ncccc1C(F)(F)F)c1ccc2cccnc2c1,6.41
CHEMBL3353592,O=C(O)c1ccc(S(=O)(=O)N(Cc2ccccc2C(F)(F)F)c2ncc(C(F)(F)F)cc2Cl)cc1,7.57
CHEMBL3235970,C[C@@H](NC(=O)N1CCc2ccccc2[C@H]1c1ccc(C(F)(F)F)cc1)C(F)(F)F,7.28
CHEMBL3577882,C[C@H](c1ccc(F)cc1)N(Cc1cccc(C(=O)O)c1)C(=O)c1cc2cc[nH]c2cn1,6.02
CHEMBL2442036,CN(C(=O)c1ccccc1OCc1ccccc1)[C@@H]1CCC[C@H](N)C1,5.5
CHEMBL3682547,Cc1cc2ccccc2nc1N(Cc1ccc(F)c(C(F)(F)F)c1)S(=O)(=O)c1ccc(C(=O)O)cc1,7.92
CHEMBL3577901,COc1ccc(C(C)N(Cc2cccc(C(=O)O)c2)C(=O)c2cnc3ccccc3c2)cc1,5.21
CHEMBL3577883,C[C@H](c1ccc(F)cc1)N(Cc1cccc(C(=O)O)c1)C(=O)c1cc2ccccc2s1,6.84
CHEMBL3235981,C[C@H](NC(=O)N1CCc2cccnc2[C@H]1c1ccc(C(F)(F)F)cc1)C(F)(F)F,7.6
CHEMBL3298922,FC(F)(F)c1ccccc1-c1cc2cn[nH]c2cc1Cl,4.77
CHEMBL2443071,O=C1CC2(CCN(C(=O)Nc3ccc(OC(F)(F)F)cc3)CC2)Oc2c(Br)cccc21,6.97
CHEMBL3235960,O=C(O)c1ccc(NC(=O)N2CCc3ccccc3[C@H]2c2ccc(C(F)(F)F)cc2)cc1,5.86
CHEMBL3889978,C[C@H](c1cccc(Cl)c1)N(C(=O)c1ccccc1N)[C@@H](C(N)=O)c1ccccc1,6.38
CHEMBL3353571,O=C(O)c1cccc(S(=O)(=O)N(Cc2ccccc2)c2ncc(C(F)(F)F)cc2Cl)c1,6.39
CHEMBL3353597,O=C(O)c1ccc(S(=O)(=O)N(Cc2ccc(OC(F)(F)F)cc2)c2ncc(C(F)(F)F)cc2Cl)cc1,8.08
CHEMBL3298242,FC(F)(F)c1ccccc1-c1ccc2[nH]ncc2c1,5.05
CHEMBL2443063,O=C(Nc1ccc(OC(F)(F)F)cc1)N1CCC2(CC1)C[C@@H](O)c1cccc(Br)c1O2,7.78
CHEMBL2443061,O=C(Nc1ccc(OC(F)(F)F)cc1)N1CCC2(CC1)C[C@@H](O)c1cccc(Cl)c1O2,8.05
CHEMBL2443076,O=C(Nc1ccc(OC(F)(F)F)cc1)N1CCC2(CC1)CC(O)c1cccc(Cl)c1O2,7.88
CHEMBL2442022,CCN(C(=O)c1ccccc1OCc1ccccc1)[C@@H]1CCC[C@H](N)C1,7.12
CHEMBL3934736,COc1cccc(CN(C(=O)c2ccccc2)[C@@H](C(N)=O)c2ccccc2)c1,6.05
CHEMBL3908930,COc1cccc(CN(C(=O)c2cccs2)[C@H](C(N)=O)c2ccccc2)c1,4.27
CHEMBL3927831,NC(=O)[C@@H](c1ccccc1)N(Cc1cccc(F)c1)C(=O)c1ccccc1,5.09
CHEMBL3353581,Cc1cnc(N(Cc2ccccc2)S(=O)(=O)c2ccc(C(=O)O)cc2)c(Cl)c1,6.15
CHEMBL3353570,O=C(O)c1ccccc1S(=O)(=O)N(Cc1ccccc1)c1ncc(C(F)(F)F)cc1Cl,4.8
CHEMBL3352829,O=C(O)c1ccc(S(=O)(=O)N(Cc2ccccn2)c2ncc(C(F)(F)F)cc2Cl)cc1,5.08
CHEMBL3353594,O=C(O)c1ccc(S(=O)(=O)N(Cc2ccc(C(F)(F)F)cc2)c2ncc(C(F)(F)F)cc2Cl)cc1,8.05
CHEMBL2443087,N#Cc1ccc(NC(=O)N2CCC3(CCc4cccc(Cl)c4O3)CC2)cc1,6.26
CHEMBL2443083,O=C(Nc1ccc(C(F)(F)F)cc1)N1CCC2(CCc3cccc(F)c3O2)CC1,7.01
CHEMBL2443080,O=C(Nc1ccccc1)N1CCC2(CCc3ccccc3O2)CC1,5.62
CHEMBL3897350,NC(=O)[C@@H](c1ccccc1)N(Cc1cccc(Cl)c1)C(=O)c1ccccc1,5.52
CHEMBL3970879,NC(=O)[C@@H](c1ccccc1)N(Cc1cccc(OC(F)(F)F)c1)C(=O)c1ccccc1,5.33
CHEMBL3908765,NC(=O)[C@@H](c1ccccc1)N(Cc1ccccc1Cl)C(=O)c1ccccc1,5.25
CHEMBL3979103,NC(=O)[C@@H](c1ccccc1)N(Cc1ccc(Cl)cc1)C(=O)c1ccccc1,4.55
CHEMBL3918002,C[C@H](c1cccc(Cl)c1)N(C(=O)c1ccccc1)[C@@H](C(N)=O)c1cccnc1,5.39
CHEMBL3898903,C[C@H](c1cccc(Cl)c1)N(C(=O)c1cccnc1)[C@@H](C(N)=O)c1ccccc1,5.6
CHEMBL3916922,Cc1ccc(C(=O)N([C@H](C)c2cccc(Cl)c2)[C@@H](C(N)=O)c2ccccc2)cc1,6.07
CHEMBL3353600,CC(C)(C)c1ccc(CN(c2ncc(C(F)(F)F)cc2Cl)S(=O)(=O)c2ccc(C(=O)O)cc2)cc1,9.02
CHEMBL2442011,CCN(C(=O)c1ccccc1OCc1cccc(C#N)c1)C1CCCC(N)C1,6.31
CHEMBL2442020,CCN(C(=O)c1ccccc1OCc1ccccc1C)[C@H]1CCC[C@@H](N)C1,6.54
CHEMBL2442031,CC(C)N(C(=O)c1ccccc1OCc1ccccc1)[C@@H]1CCC[C@H](N)C1,5.06
CHEMBL3218118,N#Cc1ccc(OCC2(O)CN(S(=O)(=O)c3ccc(Cl)cc3Cl)C2)cc1F,5.02
CHEMBL4245270,O=C(N[C@H](c1ncccc1C(F)(F)F)C1CCCCC1)c1ccc2cccnc2c1,6.52
CHEMBL4242867,O=C(N[C@@H](c1ccc(OC(F)(F)F)cc1)c1ncccc1C(F)(F)F)c1ccc2cccnc2c1,7.66
CHEMBL3218114,N#Cc1ccc(OCC2(O)CCN(S(=O)(=O)c3ccc(Cl)cc3Cl)CC2)cc1,5.32
CHEMBL3353610,Cc1c(N(Cc2ccc(C(F)(F)F)c(F)c2)S(=O)(=O)c2ccc(C(=O)O)cc2)sc2ccccc12,8.21
CHEMBL5281065,CCOC(=O)c1sc(-c2ccccc2)nc1NC(=O)C(F)(F)F,5.11
CHEMBL5271247,CCn1nnc(-c2sc(-c3ccccc3C)nc2O)n1,7.22
CHEMBL5280621,CCn1nnc(-c2sc(-c3ccccc3OC)nc2O)n1,5.55
CHEMBL5290167,CCn1nnc(-c2sc(-c3cccc(OC)c3)nc2O)n1,6.61
CHEMBL2442010,CCN(C(=O)c1ccccc1OCc1ccc(C#N)cc1)C1CCCC(N)C1,5.17
CHEMBL2442017,CCN(C(=O)c1ccccc1OCc1ccccc1Cl)[C@@H]1CCC[C@H](N)C1,7.52
CHEMBL5285498,COC(=O)c1sc(-c2ccccc2)nc1O,6.88
CHEMBL5274340,CCn1nnc(-c2sc(-c3cccc(NC)c3)nc2O)n1,5.99
CHEMBL5270507,CCn1nnc(-c2sc(-c3cccc(F)c3)nc2O)n1,7.67
CHEMBL5285661,O=C(c1sc(-c2cccc(F)c2)nc1O)N1CCCO1,7.92
CHEMBL5286892,O=C(c1sc(-c2ccccc2O)nc1O)N1CCCO1,8.26
CHEMBL4777635,Cc1c(F)cc(F)cc1[C@@H](C)N(C(=O)c1ccccc1)[C@@H](C(N)=O)c1ccccc1,5.7
CHEMBL5181908,CC(C)c1cccc(NC(=O)N2CCC[C@H]2c2ncc(-c3ccccc3)s2)c1,5.13
CHEMBL4251427,O=C(N[C@@H](c1ccc(C(F)(F)F)cc1)c1ncccc1C(F)(F)F)c1ccc(=O)[nH]c1,8.22
CHEMBL4245257,O=C(N[C@@H](c1ccc(C(F)(F)F)cc1)c1ncccc1C(F)(F)F)c1ccc2cccnc2c1,7.75
CHEMBL5275778,NCCc1c[nH]c2ccc(Oc3ccccc3)cc12,6.47
CHEMBL4244629,C[C@H](NC(=O)N[C@@H](c1ccc(C(F)(F)F)cc1)c1ncccc1Br)C(F)(F)F,7.23
CHEMBL3353586,O=C(O)c1ccc(S(=O)(=O)N(Cc2ccccc2)c2ccc(C(F)(F)F)cn2)cc1,5.53
CHEMBL3353573,O=S(=O)(c1ccc(CO)cc1)N(Cc1ccccc1)c1ncc(C(F)(F)F)cc1Cl,7.38
CHEMBL3353569,O=S(=O)(c1ccccc1)N(Cc1ccccc1)c1ncc(C(F)(F)F)cc1Cl,6.74
CHEMBL5276487,O=C(c1sc(-c2cccc(F)c2)nc1O)N1CCOC1,5.26
CHEMBL4762495,NC(=O)[C@@H](c1ccccc1)N(C(=O)c1cccnc1)[C@@H]1CCc2c(F)cc(Cl)cc21,6.96
CHEMBL5280897,CC(C)C(=O)c1sc(-c2cccc(F)c2)nc1O,6.52
CHEMBL5282082,Cc1c(N(Cc2ccc(F)c(C(F)(F)F)c2)S(=O)(=O)N2CCC(C(=O)O)CC2)sc2ccccc12,7.58
CHEMBL5281532,CON(C)C(=O)c1sc(-c2cccc(F)c2)nc1O,7.02
CHEMBL3981569,COc1cccc(CN(C(=O)Cc2ccccc2)[C@@H](C(N)=O)c2ccccc2)c1,4.72
CHEMBL3892508,COc1cccc(CN(C(=O)c2cccs2)[C@H](Cc2ccccc2)C(N)=O)c1,4.43
CHEMBL2387541,CCCc1cc(O)c2c(c1)OC(C)(C)[C@@H]1CCC(C)=C[C@@H]21,7.7
CHEMBL497318,CCCCCc1cc(O)c(C/C=C(\C)CCC=C(C)C)c(O)c1,6.8
CHEMBL2443077,O=C(Nc1ccc(OC(F)(F)F)cc1)N1CCC2(CC1)CC(O)c1cccc(Br)c1O2,7.71
CHEMBL2443073,O=C(Nc1ccc(C(F)(F)F)cc1)N1CCC2(CC1)CC(O)c1cccc(Cl)c1O2,7.18
CHEMBL2443081,O=C(Nc1ccc(C(F)(F)F)cc1)N1CCC2(CCc3ccccc3O2)CC1,6.55
CHEMBL3682572,Cc1c(N(Cc2ccc(-c3ccccc3)cn2)S(=O)(=O)c2ccc(C(=O)O)cc2)ncc2ccccc12,7.17
CHEMBL3682588,O=C(O)c1ccc(S(=O)(=O)N(Cc2ccc(OC(F)(F)F)cc2)c2cc3c(Cl)cccc3cn2)cc1,6.94
CHEMBL3682613,Cc1cccc2c(C)c(N(Cc3ccc(OC(F)(F)F)cc3)S(=O)(=O)c3ccc(C(=O)O)cc3)ncc12,7.51
CHEMBL3577904,C[C@H](c1ccc(F)cc1F)N(Cc1cccc(C(=O)O)c1)C(=O)c1cc2ccccc2cn1,7.22
CHEMBL3577900,CC[C@H](c1ccc(F)cc1)N(Cc1cccc(C(=O)O)c1)C(=O)c1cnc2ccccc2c1,6.7
CHEMBL3577893,C[C@H](c1ccc(F)cc1)N(Cc1cc(C(=O)O)ccc1F)C(=O)c1cnc2ccccc2c1,6.35
CHEMBL2387742,C=C(C)[C@@H]1CCC(C)=C[C@H]1c1c(O)cc(CCC)cc1O,6.05
CHEMBL2443067,O=C1CC2(CCN(C(=O)Nc3ccc(C(F)(F)F)cc3)CC2)Oc2c(F)cccc21,6.53
CHEMBL2443062,O=C(Nc1ccc(OC(F)(F)F)cc1)N1CCC2(CC1)C[C@H](O)c1cccc(Br)c1O2,7.22
CHEMBL3353583,O=C(O)c1ccc(S(=O)(=O)N(Cc2ccccc2)c2ncc(C(F)(F)F)cc2F)cc1,6.67
CHEMBL4247089,O=C(N[C@@H](c1ccc(F)cc1)c1ncccc1C(F)(F)F)c1ccc2cccnc2c1,6.89
CHEMBL2443072,O=C(Nc1ccc(C(F)(F)F)cc1)N1CCC2(CC1)CC(O)c1cccc(F)c1O2,7.04
CHEMBL375696,CCCCC/C=C/C/C=C\C/C=C/C/C=C/CCCC(=O)NCCO,6.82
CHEMBL2442034,N[C@H]1CCC[C@@H](N(C(=O)c2ccccc2OCc2ccccc2)C2CC2)C1,5.7
CHEMBL3682566,Cc1c(N(Cc2ccc3c(c2)CCCC3)S(=O)(=O)c2ccc(C(=O)O)cc2)ncc2ccccc12,8.33
CHEMBL3682564,Cc1c(N(Cc2ccc(OCC3CC3)c(F)c2)S(=O)(=O)c2ccc(C(=O)[O-])cc2)ncc2ccccc12,7.58
CHEMBL3687368,Cc1c(N(Cc2sc3ccccc3c2Cl)S(=O)(=O)c2ccc(C(=O)O)cc2)ncc2ccccc12,8.34
CHEMBL3687369,Cc1c(N(Cc2cc3ccc(Cl)cc3s2)S(=O)(=O)c2ccc(C(=O)O)cc2)ncc2ccccc12,7.96
CHEMBL3687380,Cc1c(N(Cc2ccc(C(F)(F)C3(C)CC3)cc2)S(=O)(=O)c2ccc(C(=O)O)cc2)ncc2ccccc12,9.0
CHEMBL3687399,CCOc1nc(N(Cc2ccc(OC(F)(F)F)cc2)S(=O)(=O)c2ccc(C(=O)O)cc2)c(C)c2ccccc12,8.14
CHEMBL3353576,CN(C)C(=O)c1ccc(S(=O)(=O)N(Cc2ccccc2)c2ncc(C(F)(F)F)cc2Cl)cc1,7.17
CHEMBL3353605,CCn1ncc2cc(CN(c3ncc(C(F)(F)F)cc3Cl)S(=O)(=O)c3ccc(C(=O)O)cc3)ccc21,7.34
CHEMBL5287633,COc1cc(CN(CCN)C(=O)NC(C)c2ccccc2)ccc1OCc1ccccc1,10.3
CHEMBL5282846,CCn1nnc(-c2sc(-c3cccnc3)nc2O)n1,5.86
CHEMBL3687407,Cc1c(N(Cc2ccc3[nH]cc(Cl)c3c2)S(=O)(=O)c2ccc(C(=O)O)cc2)ncc2ccccc12,6.28
CHEMBL3682584,COC(C)(c1ccc(CN(c2ncc3ccccc3c2C)S(=O)(=O)c2ccc(C(=O)O)cc2)cc1)C(F)(F)F,8.33
CHEMBL3687388,O=C(O)c1ccc(S(=O)(=O)N(Cc2ccc(OC(F)(F)F)cc2)c2cc3c(C4CC4)cccc3cn2)cc1,6.62
CHEMBL3687400,COc1nc(N(Cc2ccc(OC(F)(F)F)cc2)S(=O)(=O)c2ccc(C(=O)O)cc2)c(C)c2cccc(C)c12,7.36
CHEMBL3687411,CCONC(=O)c1ccc(S(=O)(=O)N(Cc2ccc(OC(F)(F)F)cc2)c2ncc3ccccc3c2C)cc1,7.75
CHEMBL5290716,CCn1nnc(-c2sc(-c3ccccc3O)nc2O)n1,7.62
CHEMBL5268891,CCn1nnc(-c2sc(-c3cccc(O)c3)nc2O)n1,6.62
CHEMBL5271941,CCOC(=O)c1sc(-c2ccc(F)cc2)nc1O,7.1
CHEMBL3910516,COc1cccc(CN(C(=O)c2ccccc2)C(C(=O)O)c2ccccc2)c1,4.23
CHEMBL3900408,NC(=O)[C@@H](c1ccccc1)N(Cc1ccccc1)C(=O)c1ccccc1,4.96
CHEMBL4248077,O=C(N[C@@H](c1ccc(C(F)(F)F)cc1)c1ncccc1F)c1ccc(=O)[nH]c1,8.0
CHEMBL4446136,COc1ccccc1/C=C/C(=O)Nc1ccccc1C(=O)O,4.4
CHEMBL4458679,C/C(=C\c1ccccc1)C(=O)Nc1ccccc1C(=O)O,4.57
CHEMBL3353589,O=C(O)c1ccc(S(=O)(=O)N(CCCc2ccccc2)c2ncc(C(F)(F)F)cc2Cl)cc1,7.31
CHEMBL3353574,NC(=O)c1ccc(S(=O)(=O)N(Cc2ccccc2)c2ncc(C(F)(F)F)cc2Cl)cc1,7.16
CHEMBL3353607,O=C(O)c1ccc(S(=O)(=O)N(Cc2ccc3ccoc3c2)c2ncc(C(F)(F)F)cc2Cl)cc1,7.75
CHEMBL3577895,C[C@H](c1ccc(F)cc1)N(Cc1cccc(-c2nn[nH]n2)c1)C(=O)c1cnc2ccccc2c1,5.79
CHEMBL3577905,CC[C@H](c1ccc(F)cc1F)N(Cc1cccc(C(=O)O)c1)C(=O)c1cc2ccccn2n1,6.91
CHEMBL3577889,C[C@H](c1ccc(F)cc1)N(Cc1cccc(C(=O)O)c1)C(=O)c1cc2ccccc2cn1,7.05
CHEMBL3577884,CC(c1ccc(F)cc1)N(Cc1cccc(C(=O)O)c1)C(=O)c1ccc2c(c1)CCO2,5.44
CHEMBL3577881,C[C@H](c1ccc(F)cc1)N(Cc1cccc(C(=O)O)c1)C(=O)c1cc2ccccn2n1,7.03
CHEMBL4648953,O=C1[C@@H]2Cc3c([nH]c4ccccc34)[C@H](c3ccc(F)cc3)N2C(=O)N1c1cccc(C(F)(F)F)c1,8.12
CHEMBL3687333,CCn1c(CN(c2ncc3ccccc3c2C)S(=O)(=O)c2ccc(C(=O)[O-])cc2)cc2cc(Cl)ccc21,6.98
CHEMBL3687350,Cc1c(N(Cc2ccc3cn[nH]c3c2)S(=O)(=O)c2ccc(C(=O)O)cc2)ncc2ccccc12,6.22
CHEMBL3687387,O=C(O)c1ccc(S(=O)(=O)N(Cc2ccc(OC(F)(F)F)cc2)c2cc3ccccc3c(C3CC3)n2)cc1,7.18
CHEMBL3682567,Cc1c(N(Cc2ccc3c(c2)CCC3)S(=O)(=O)c2ccc(C(=O)O)cc2)ncc2ccccc12,8.09
CHEMBL3682574,Cc1c(N(Cc2cc3cc(Cl)ccc3n2C)S(=O)(=O)c2ccc(C(=O)[O-])cc2)ncc2ccccc12,7.36
CHEMBL3682576,Cc1c(N(Cc2ccc3c(c2)OC(C)(C)C3)S(=O)(=O)c2ccc(C(=O)O)cc2)ncc2ccccc12,7.24
CHEMBL3682592,CC(C)c1nc(N(Cc2ccc(OC(F)(F)F)cc2)S(=O)(=O)c2ccc(C(=O)O)cc2)c(C(F)(F)F)c2ccccc12,8.13
CHEMBL3682609,Cc1c(N(Cc2ccc(F)c(C(F)(F)F)c2)S(=O)(=O)c2ccc(C(=O)O)cc2)nc(C2CC2)c2ccccc12,8.42
CHEMBL3682611,Cc1cc2ccc(Cl)cc2nc1N(Cc1ccc(OC(F)(F)F)cc1)S(=O)(=O)c1ccc(C(=O)O)cc1,6.16
CHEMBL3639861,O=C(O)c1ccc(S(=O)(=O)N(Cc2ccc(OC(F)(F)F)cc2)c2cc3ccccc3cn2)cc1,7.64
CHEMBL3687339,Cc1c(N(Cc2cc3ccccc3n2C2CC2)S(=O)(=O)c2ccc(C(=O)[O-])cc2)ncc2ccccc12,7.08
CHEMBL3687340,Cc1c(N(Cc2cc3cc(Cl)ccc3n2C2CC2)S(=O)(=O)c2ccc(C(=O)[O-])cc2)ncc2ccccc12,6.88
CHEMBL3687371,Cc1c(N(Cc2cc3cc(Cl)ccc3s2)S(=O)(=O)c2ccc(C(=O)O)cc2)ncc2ccccc12,8.27
CHEMBL3687377,Cc1cc2ccccc2nc1N(Cc1cccc(C(F)(F)C2CC2)c1)S(=O)(=O)c1ccc(C(=O)O)cc1,7.68
CHEMBL3687389,COCc1nc(N(Cc2ccc(OC(F)(F)F)cc2)S(=O)(=O)c2ccc(C(=O)O)cc2)c(C)c2ccccc12,7.68
CHEMBL3682540,Cc1c(N(Cc2ccc(OC(F)(F)F)c(F)c2)S(=O)(=O)c2ccc(C(=O)[O-])cc2)ncc2ccccc12,8.44
CHEMBL3682571,Cc1c(N(Cc2ccc(C(F)(F)F)cn2)S(=O)(=O)c2ccc(C(=O)O)cc2)ncc2ccccc12,7.42
CHEMBL3682618,Cc1cc2cccc(C)c2nc1N(Cc1ccc(OC(F)(F)F)cc1)S(=O)(=O)c1ccc(C(=O)[O-])cc1,7.8
CHEMBL3687378,Cc1c(N(Cc2ccc(F)c(C(F)(F)C3CC3)c2)S(=O)(=O)c2ccc(C(=O)O)cc2)ncc2ccccc12,7.96
CHEMBL3687385,CCc1nc(N(Cc2ccc(OC(F)(F)F)cc2)S(=O)(=O)c2ccc(C(=O)O)cc2)c(C)c2ccccc12,8.09
CHEMBL5083277,CCOC(=O)/C=C/Oc1nc(-c2ccc(C)cc2)sc1C(=O)OCC,5.95
CHEMBL3682585,CCCc1nc(N(Cc2ccc(OC(F)(F)F)cc2)S(=O)(=O)c2ccc(C(=O)O)cc2)c(C)c2ccccc12,7.96
CHEMBL3682595,Cc1c(N(Cc2ccc(OC(F)(F)F)cc2)S(=O)(=O)c2ccc(C(=O)O)cc2)nc(C(C)O)c2ccccc12,7.01
CHEMBL3682598,Cc1c(N(Cc2ccc3c(Cl)c[nH]c3c2)S(=O)(=O)c2ccc(C(=O)O)cc2)ncc2ccccc12,7.82
CHEMBL3682614,Cc1cccc2cnc(N(Cc3ccc(OC(F)(F)F)cc3)S(=O)(=O)c3ccc(C(=O)O)cc3)c(C)c12,8.51
CHEMBL3682620,O=C(O)c1ccc(S(=O)(=O)N(Cc2ccc(OC(F)(F)F)cc2)c2cc3ccccc3c(Br)n2)cc1,6.88
CHEMBL3682621,CCc1cc2ccccc2nc1N(Cc1ccc(OC(F)(F)F)cc1)S(=O)(=O)c1ccc(C(=O)O)cc1,7.27
CHEMBL3687325,O=C(O)c1ccc(S(=O)(=O)N(Cc2ccc(OC(F)(F)F)cn2)c2ncc3ccccc3c2C2CC2)cc1,8.66
CHEMBL3687367,Cc1c(N(Cc2cc3c(Cl)cccc3s2)S(=O)(=O)c2ccc(C(=O)O)cc2)ncc2ccccc12,8.66
CHEMBL3687383,O=C(O)c1ccc(S(=O)(=O)N(Cc2ccc(OC(F)(F)F)cc2)c2ncc(Cl)c3sccc23)cc1,7.12
CHEMBL3353582,O=C(O)c1ccc(S(=O)(=O)N(Cc2ccccc2)c2ncc(-c3ccccc3)cc2Cl)cc1,6.91
CHEMBL3682543,Cc1c(N(Cc2ccc(OC(F)(F)F)cc2)S(=O)(=O)c2ccc(C(=O)[O-])cc2)nc(C2CC2)c2ccccc12,8.72
CHEMBL3682555,Cc1c(N(Cc2ccc3ccccc3c2)S(=O)(=O)c2ccc(C(=O)O)cc2)ncc2ccccc12,8.07
CHEMBL3639814,Cc1c(N(Cc2ccc3c(c2)OCC3(C)C)S(=O)(=O)c2ccc(C(=O)[O-])cc2)ncc2ccccc12,8.28
CHEMBL3682577,Cc1c(N(Cc2ccc3c(c2)COC3(C)C)S(=O)(=O)c2ccc(C(=O)O)cc2)ncc2ccccc12,8.0
CHEMBL3682603,Cc1c(N(Cc2cc3ccccc3cn2)S(=O)(=O)c2ccc(C(=O)[O-])cc2)ncc2ccccc12,7.28
CHEMBL3682607,O=C(O)c1ccc(S(=O)(=O)N(Cc2ccc(OC(F)(F)F)cc2)c2ncc(Cl)c3ccccc23)cc1,7.03
CHEMBL4795385,NC(=O)[C@@H](c1ccccc1)N(C(=O)c1cccnc1N)[C@@H]1CCc2c(F)cc(Cl)cc21,6.77
CHEMBL3967426,COc1nc(-c2ccccc2Cl)cc2nc(-c3c(Cl)c(C(C)(C)C)nn3C)[nH]c12,8.46
CHEMBL3907933,Cc1ccccc1C(=O)N([C@H](C)c1cccc(Cl)c1)[C@@H](C(N)=O)c1ccccc1,6.41
CHEMBL173443,CCCCCc1ccc(/C=C/C(=O)Nc2ccccc2C(=O)O)cc1,5.41
CHEMBL3298923,Cc1cc2[nH]ncc2cc1-c1ccccc1C(F)(F)F,5.04
CHEMBL2442032,CCCCN(C(=O)c1ccccc1OCc1ccccc1)[C@@H]1CCC[C@H](N)C1,5.85
CHEMBL3682561,Cc1c(N(Cc2ccc(OCC3CCCC3)cc2)S(=O)(=O)c2ccc(C(=O)[O-])cc2)ncc2ccccc12,7.04
CHEMBL3687344,Cc1c(N(Cc2ccc(C(C)(O)C(F)(F)F)c(Cl)c2)S(=O)(=O)c2ccc(C(=O)O)cc2)ncc2ccccc12,7.82
CHEMBL3687355,Cc1cc2ccccc2nc1N(Cc1ccc(CC2CC2)cc1)S(=O)(=O)c1ccc(C(=O)O)cc1,8.11
CHEMBL3687363,Cc1c(N(Cc2ccc(COC(F)(F)F)cc2)S(=O)(=O)c2ccc(C(=O)O)cc2)ncc2ccccc12,8.06
CHEMBL3682549,Cc1c(N(Cc2ccc(C(C)(C)C)cc2)S(=O)(=O)c2ccc(C(=O)O)cc2)ncc2ccccc12,8.74
CHEMBL3682563,Cc1c(N(Cc2ccc(OC3CCCC3)cc2)S(=O)(=O)c2ccc(C(=O)O)cc2)ncc2ccccc12,7.77
CHEMBL3682612,Cc1ccc2cnc(N(Cc3ccc(OC(F)(F)F)cc3)S(=O)(=O)c3ccc(C(=O)O)cc3)c(C)c2c1,6.87
CHEMBL3687348,Cc1c(N(Cc2ccc3c(Cl)n[nH]c3c2)S(=O)(=O)c2ccc(C(=O)O)cc2)ncc2ccccc12,7.68
CHEMBL3353577,O=C(NCCO)c1ccc(S(=O)(=O)N(Cc2ccccc2)c2ncc(C(F)(F)F)cc2Cl)cc1,6.67
CHEMBL3687398,CC(C)c1c(N(Cc2ccc(OC(F)(F)F)cc2)S(=O)(=O)c2ccc(C(=O)O)cc2)ncc2ccccc12,8.25
CHEMBL3687401,Cc1c(N(Cc2ccc(OC(F)(F)F)cc2)S(=O)(=O)c2ccc(C(=O)O)cc2)ncc2cccc(Cl)c12,7.36
CHEMBL2442012,CCN(C(=O)c1ccccc1OCc1ccccc1C#N)C1CCCC(N)C1,5.73
CHEMBL2442018,CCN(C(=O)c1ccccc1OCc1ccccc1F)[C@H]1CCC[C@@H](N)C1,6.36
CHEMBL2442019,CCN(C(=O)c1ccccc1OCc1ccccc1F)[C@@H]1CCC[C@H](N)C1,7.68
CHEMBL2443079,O=C(Nc1ccc(OC(F)(F)F)cc1)N1CCC2(CC1)C[C@@H](O)c1cccc(F)c1O2,8.02
CHEMBL2443069,O=C1CC2(CCN(C(=O)Nc3ccc(C(F)(F)F)cc3)CC2)Oc2c(Br)cccc21,6.18
CHEMBL2443066,O=C(Nc1nc2ccc(F)cc2s1)N1CCC2(CCc3cccc(Cl)c3O2)CC1,6.95
CHEMBL2443088,Cc1ccc(NC(=O)N2CCC3(CCc4cccc(Cl)c4O3)CC2)cc1,6.54
CHEMBL1094770,CC(C)[C@@H]1CC[C@@H](C)C[C@H]1NC(=O)c1ccc(-c2ccccc2)cc1,6.16
CHEMBL4777173,C=C1[C@H](C)CC[C@@H](C(C)C)[C@@H]1OC(=O)c1ccccc1,5.7
CHEMBL4240425,O=C(c1ccc2ncccc2c1)N1CCc2ccccc2[C@H]1c1ccc(C(F)(F)F)cc1,6.41
CHEMBL3577907,C[C@H](c1ccc(F)cc1F)N(Cc1cccc(C(=O)O)n1)C(=O)c1cc2ccccc2cn1,6.72
CHEMBL3577890,C[C@H](c1ccc(F)cc1)N(Cc1cccc(C(=O)O)n1)C(=O)c1cnc2ccccc2c1,5.94
CHEMBL3613642,CC(C)N1CCN(S(=O)(=O)c2ccc(NC(=O)c3ccc(C(F)(F)F)cc3[N+](=O)[O-])cc2)CC1,4.52
CHEMBL3682587,Cc1c(N(Cc2ccc(OC(F)(F)F)cc2)S(=O)(=O)c2ccc(C(=O)O)cc2)nc(OC(C)C)c2ccccc12,7.68
CHEMBL3687364,Cc1c(N(Cc2ccc(CC3(C(F)(F)F)CC3)cc2)S(=O)(=O)c2ccc(C(=O)O)cc2)ncc2ccccc12,8.41
CHEMBL2440148,O=C1CC2(CCN(C(=O)Nc3ccc(OC(F)(F)F)cc3)CC2)Oc2c(F)cccc21,6.74
CHEMBL2443082,O=C(Nc1ccc(C(F)(F)F)cc1)N1CCC2(CCc3cc(F)ccc3O2)CC1,6.18
CHEMBL3901461,COc1cccc(CN(C(=O)c2ccccc2)[C@@H](C(=O)N(C)C)c2ccccc2)c1,4.07
CHEMBL4785984,NC(=O)[C@@H](c1ccccc1)N(C(=O)c1ccccc1)[C@@H]1CCc2ccc(Cl)cc21,6.92
CHEMBL4763262,NC(=O)[C@@H](c1ccccc1)N(C(=O)c1ccccc1)[C@@H]1CCc2c(F)cc(F)cc21,7.0
CHEMBL4748099,NC(=O)[C@@H](c1ccccc1)N(C(=O)c1ccccc1)[C@@H]1CCc2ccccc21,6.57
CHEMBL3682551,Cc1c(N(Cc2ccc(-c3ccccc3)cc2)S(=O)(=O)c2ccc(C(=O)O)cc2)ncc2ccccc12,7.58
CHEMBL3687365,Cc1c(N(Cc2cc3c(F)cc(F)cc3s2)S(=O)(=O)c2ccc(C(=O)O)cc2)ncc2ccccc12,8.89
CHEMBL3687373,Cc1cc2ccccc2nc1N(Cc1ccc(C(F)(F)C2CC2)c(Cl)c1)S(=O)(=O)c1ccc(C(=O)O)cc1,8.85
CHEMBL3687375,Cc1cc2ccccc2nc1N(Cc1ccc(C(F)(F)C2CC2)c(F)c1)S(=O)(=O)c1ccc(C(=O)O)cc1,8.51
CHEMBL3682539,Cc1c(N(Cc2ccc(OC(F)(F)F)cc2)S(=O)(=O)c2ccc(C(=O)[O-])cc2)ncc2ccccc12,8.57
CHEMBL3682570,Cc1c(N(Cc2cc(F)c(C(F)(F)F)s2)S(=O)(=O)c2ccc(C(=O)[O-])cc2)ncc2ccccc12,7.96
CHEMBL3682581,Cc1c(N(Cc2ccc(-c3cccc(F)c3)cc2)S(=O)(=O)c2ccc(C(=O)O)cc2)ncc2ccccc12,7.82
CHEMBL5270316,COC(=O)C(NCc1ccccc1)[C@H](Cc1ccccc1)NC(=O)OCc1ccccc1,5.52
CHEMBL5286610,O=C(N[C@]1(c2ccc(OC(F)(F)F)cc2)CCOc2cccnc21)c1ccc2[nH]cnc2c1,8.4
CHEMBL3682605,Cc1c(N(Cc2ccc(C(O)(C(F)(F)F)C(F)(F)F)cc2)S(=O)(=O)c2ccc(C(=O)O)cc2)ncc2ccccc12,7.4
CHEMBL3353575,CNC(=O)c1ccc(S(=O)(=O)N(Cc2ccccc2)c2ncc(C(F)(F)F)cc2Cl)cc1,7.24
CHEMBL3353593,O=C(O)c1ccc(S(=O)(=O)N(Cc2cccc(C(F)(F)F)c2)c2ncc(C(F)(F)F)cc2Cl)cc1,7.39
CHEMBL3353602,CC1(c2ccc(CN(c3ncc(C(F)(F)F)cc3Cl)S(=O)(=O)c3ccc(C(=O)O)cc3)cc2)CC1,8.1
CHEMBL3353604,CC(=O)Nc1ccc(CN(c2ncc(C(F)(F)F)cc2Cl)S(=O)(=O)c2ccc(C(=O)O)cc2)cc1,4.74
CHEMBL3353609,O=C(O)c1ccc(S(=O)(=O)N(Cc2ccc(C(F)(F)F)cc2)c2ncc(Cl)cc2Cl)cc1,7.96
CHEMBL3687342,Cc1c(N(Cc2ccc(CC3CC3)c(F)c2)S(=O)(=O)c2ccc(C(=O)O)cc2)ncc2ccccc12,8.54
CHEMBL3687362,Cc1c(N(Cc2ccc(C(F)(F)C3CC3)cc2)S(=O)(=O)c2ccc(C(=O)O)cc2)ncc2ccccc12,8.34
CHEMBL3972562,CNC(=O)[C@@H](c1ccccc1)N(Cc1cccc(OC)c1)C(=O)c1ccccc1,5.0
CHEMBL3687361,Cc1nc2ccc(CN(c3ncc4ccccc4c3C)S(=O)(=O)c3ccc(C(=O)O)cc3)cc2s1,6.83
CHEMBL3687381,O=C([O-])c1ccc(S(=O)(=O)N(Cc2ccc(C(F)(F)C3CC3)c(F)c2)c2ncc3ccccc3c2C2CC2)cc1,9.1
CHEMBL3687404,O=C([O-])c1ccc(S(=O)(=O)N(Cc2ccc(C(F)(F)C3CC3)c(Cl)c2)c2ncc3ccccc3c2C(F)(F)F)cc1,9.05
CHEMBL5268409,Cc1nc(-c2sc(-c3cccc(F)c3)nc2O)no1,5.75
CHEMBL5271998,O=C(c1sc(-c2cccc(F)c2)nc1O)N1CCCCO1,6.78
CHEMBL3577898,C[C@H](c1ccc(F)cc1F)N(Cc1cccc(C(=O)O)c1)C(=O)c1cnc2ccccc2c1,6.54
CHEMBL4238921,COc1ccc(C(=O)N[C@@H](c2ccc(C(F)(F)F)cc2)c2ncccc2C(F)(F)F)cn1,7.82
CHEMBL4247840,O=C(N[C@@H](c1ccc(C(F)(F)F)cc1)c1ncccc1C(F)(F)F)c1ccc(O)cc1,8.1
CHEMBL4239691,Cc1cccc([C@H](NC(=O)c2ccc3cccnc3c2)c2ncccc2C(F)(F)F)c1,7.04
CHEMBL3353587,O=C(O)c1ccc(S(=O)(=O)N(Cc2ccccc2)c2ncc(Cl)cc2C(F)(F)F)cc1,5.81
CHEMBL3353608,O=C(O)c1ccc(S(=O)(=O)N(Cc2ccc(F)c(C(F)(F)F)c2)c2ncc(Cl)cc2Cl)cc1,7.8
CHEMBL4786793,C[C@H](c1ccccc1)N(C(=O)c1ccccc1)[C@@H](C(N)=O)c1ccccc1,5.92
CHEMBL5287269,CCn1nnc(-c2sc(-c3cccc(N(C)C)c3)nc2O)n1,5.32
CHEMBL5269673,CCC(=O)c1sc(-c2cccc(F)c2)nc1O,8.07
CHEMBL4550460,C/C=C(\C)[C@H]1C(C)=C[C@H]2C[C@@H](C)C[C@@H](C(=O)O)[C@@H]2[C@@]1(C)C(=O)CCO,4.73
CHEMBL104,Clc1ccccc1C(c1ccccc1)(c1ccccc1)n1ccnc1,5.1
CHEMBL5272167,CCn1/c(=N/S(=O)(=O)c2ccccc2)n(Cc2ccc(C(F)(F)F)c(F)c2)c2cc(C(F)(F)F)ccc21,8.3
CHEMBL5275700,CCn1nnc(-c2sc(-c3ccc(Cl)cc3)nc2O)n1,5.12
CHEMBL4751372,C[C@H](c1cc(F)cc(F)c1F)N(C(=O)c1ccccc1)[C@@H](C(N)=O)c1ccccc1,5.66
CHEMBL4759917,NC(=O)[C@@H](c1ccccc1)N(C(=O)c1ccccc1)[C@@H]1CCc2ccc(F)cc21,7.05
CHEMBL4785621,COc1ncccc1C(=O)N([C@@H]1CCc2c(F)cc(Cl)cc21)[C@@H](C(N)=O)c1ccccc1,6.42
CHEMBL294199,COc1cc(CNC(=O)CCCC/C=C/C(C)C)ccc1O,6.0
CHEMBL3682556,COc1nc(N(Cc2ccc(OC(F)(F)F)cc2)S(=O)(=O)c2ccc(C(=O)[O-])cc2)c(C)c2ccccc12,8.6
CHEMBL3682578,Cc1c(N(Cc2cc3ccccc3s2)S(=O)(=O)c2ccc(C(=O)[O-])cc2)ncc2ccccc12,8.51
CHEMBL3682579,Cc1c(N(CC2CCN(c3ccccc3)CC2)S(=O)(=O)c2ccc(C(=O)O)cc2)ncc2ccccc12,7.1
CHEMBL3682583,Cc1c(N(Cc2ccc(OC(F)(F)F)cc2)S(=O)(=O)c2ccc(C(=O)[O-])cc2)nc(-c2ccccc2)c2ccccc12,7.04
CHEMBL3682602,Cc1c(N(Cc2ccc(OC(F)(F)F)cc2)S(=O)(=O)c2ccc(C(C)(C)O)cc2)ncc2ccccc12,7.21
CHEMBL3687379,Cc1cc2ccccc2nc1N(Cc1ccc(F)c(C(F)(F)C2CC2)c1)S(=O)(=O)c1ccc(C(=O)O)cc1,8.02
CHEMBL3682590,O=C(O)c1ccc(S(=O)(=O)N(Cc2ccc(OC(F)(F)F)cc2)c2ncc3ccccc3c2C(F)(F)F)cc1,8.7
CHEMBL3682593,CC(=O)c1c(N(Cc2ccc(OC(F)(F)F)cc2)S(=O)(=O)c2ccc(C(=O)O)cc2)ncc2ccccc12,7.85
CHEMBL3682594,CC(O)c1c(N(Cc2ccc(OC(F)(F)F)cc2)S(=O)(=O)c2ccc(C(=O)O)cc2)ncc2ccccc12,7.6
CHEMBL3682601,CONC(=O)c1ccc(S(=O)(=O)N(Cc2ccc(OC(F)(F)F)cc2)c2ncc3ccccc3c2C)cc1,7.89
CHEMBL3687332,CCn1c(CN(c2ncc3ccccc3c2C)S(=O)(=O)c2ccc(C(=O)[O-])cc2)cc2ccccc21,7.42
CHEMBL5284452,O=C(c1sc(-c2cccc(F)c2)nc1O)N1CCOCC1,4.91
CHEMBL4749804,NC(=O)[C@@H](c1ccccc1)N(C(=O)c1ccccc1)[C@@H]1CCc2c(F)cccc21,6.92
CHEMBL4791592,C[C@H](c1cc(F)cc(F)c1)N(C(=O)c1ccccc1O)[C@@H](C(N)=O)c1ccccc1,7.3
CHEMBL4758145,NC(=O)[C@@H](c1ccccc1)N(C(=O)c1ccccc1)[C@@H]1CCc2c(Cl)cccc21,6.14
CHEMBL4745090,NC(=O)[C@@H](c1ccccc1)N(C(=O)c1ccccc1)[C@@H]1CCCc2ccccc21,5.85
CHEMBL422704,CCCCCc1cc(O)c2c(c1)OC(C)(CCC=C(C)C)C=C2,4.39
CHEMBL65312,CCOC(=O)c1sc(-c2ccccc2)nc1O,7.5
CHEMBL5273671,CCOC(=O)c1sc(-c2cccc(Cl)c2)nc1O,5.89
CHEMBL5280890,CCn1c(N(Cc2ccc(C(F)(F)F)cc2)S(=O)(=O)c2ccccc2)nc2cc(F)ccc21,8.22
CHEMBL258502,COc1ccc(CCCOC(Cn2ccnc2)c2ccc(OC)cc2)cc1,6.1
CHEMBL465718,CCCCCc1cc2c(c(O)c1C(=O)O)[C@@H]1C=C(C)CC[C@H]1C(C)(C)O2,6.82
CHEMBL5269402,C=C(C)[C@]12C[C@@H](C)[C@@]34OC(Cc5ccccc5)(O[C@@H]1C3C=C(COC(=O)Cc1ccc(O)c(OC)c1)C[C@]1(O)C(=O)C(C)=C[C@@H]41)O2,6.82
CHEMBL5275380,O=S(=O)(c1ccc(-c2nnn[nH]2)cc1)N(Cc1ccc(OC(F)(F)F)cc1)c1ncc2ccccc2c1C1CC1,9.52
CHEMBL4241349,O=C(O)c1ccc(C(=O)N[C@@H](c2ccc(OC(F)(F)F)c(F)c2)c2ncccc2F)nc1,7.89
CHEMBL4245611,Cc1ccc([C@H](NC(=O)c2ccc3cccnc3c2)c2ncccc2C(F)(F)F)cc1,7.12
CHEMBL5273282,CCOC(=O)c1sc(-c2cccc(F)c2)nc1O,7.41
CHEMBL5281922,COc1cccc(NS(=O)(=O)c2c(C)cc(C)c([N+](=O)[O-])c2C)c1,6.51
CHEMBL5269570,CCn1nnc(-c2sc(-c3cccc(C)c3)nc2O)n1,6.43
CHEMBL5274774,C[C@H](N)[C@H](O)C/C=C\C/C=C\C/C=C\C/C=C\C/C=C\C/C=C\CCCCCC[C@@H](O)[C@H](C)N,5.22
CHEMBL190461,C=C(C)[C@@H]1CCC(C)=C[C@H]1c1c(O)cc(CCCCC)cc1O,7.22
CHEMBL5285119,Cc1c(N(Cc2ccc(OC(F)(F)F)cc2)S(=O)(=O)CCN2CCC(c3ccccc3)CC2)sc2ccccc12,7.58
CHEMBL5291176,CON(C)C(=O)c1sc(-c2ccccc2O)nc1O,7.18
CHEMBL3687409,CNC(=O)c1ccc(S(=O)(=O)N(Cc2ccc(OC(F)(F)F)cc2)c2ncc3ccccc3c2C)cc1,6.99
CHEMBL5093646,CCOC(=O)c1sc(-c2cccc(F)c2)nc1C#CCCCC(=O)O,5.39
CHEMBL5274341,CC(C)OP(=O)(OC(C)C)[C@@H](Cc1ccc(F)c(C(F)(F)F)c1)c1sc2ccccc2c1Br,8.05
CHEMBL5284655,CC(=O)c1sc(-c2cccc(F)c2)nc1O,6.02
CHEMBL5267628,O=C(c1sc(-c2cccc(F)c2)nc1O)N1CCCCCO1,7.5
CHEMBL5282295,CSc1cc(-c2ccc(Cl)cc2)[nH]n1,6.01
CHEMBL5283563,CCN(C)C(=O)c1sc(-c2ccccc2)nc1O,5.19
CHEMBL5287298,CCN(C(=O)/C=C/c1cccc([N+](=O)[O-])c1)c1ccccc1,6.24
CHEMBL5279842,CCON(C)C(=O)c1sc(-c2cccc(F)c2)nc1O,5.78
CHEMBL5278729,Cn1nnc(-c2sc(-c3cccc(F)c3)nc2O)n1,6.67
CHEMBL5268544,CCn1nnc(-c2sc(-c3c(Cl)cccc3Cl)nc2O)n1,4.78
CHEMBL5279560,O=C(c1sc(-c2ccccc2O)nc1O)N1CCCCO1,7.09
CHEMBL465,CCCCCc1cc(O)c2c(c1)OC(C)(C)[C@@H]1CCC(C)=C[C@@H]21,6.8
CHEMBL5268431,CCOC(=O)c1sc(-c2ccc(C)cc2)nc1O,6.8
CHEMBL5279823,CCn1nnc(-c2sc(-c3ccc(F)cc3)nc2O)n1,6.54
CHEMBL5270159,CCn1nnc(-c2sc(-c3ccc(O)cc3)nc2O)n1,4.94
CHEMBL5266190,CCCC(=O)c1sc(-c2cccc(F)c2)nc1O,6.85
CHEMBL5284265,CCCCC/C=C/C/C=C\C/C=C/C/C=C/CCCC(=O)NCCc1ccc(O)c(O)c1,6.16
CHEMBL808,Clc1ccc(COC(Cn2ccnc2)c2ccc(Cl)cc2Cl)cc1,6.38
CHEMBL5268297,Cc1nnc(-c2sc(-c3cccc(F)c3)nc2O)o1,5.04
CHEMBL1779158,c1ccc(CN(CCc2c[nH]c3ccccc23)Cc2ccccc2)cc1,6.1
CHEMBL5279232,CCOC(=O)Cc1sc(-c2ccccc2)nc1O,6.02
CHEMBL5282352,CCn1nnc(-c2sc(-c3cccc(N)c3)nc2O)n1,7.21
CHEMBL207433,O=C(Nc1ccccc1Br)N[C@@H]1CCN(c2ccc(C(F)(F)F)cn2)C1,5.8
CHEMBL1377190,CCOC(=O)c1sc(-c2ccc(Cl)cc2)nc1O,6.26
CHEMBL5275535,CCn1nnc(-c2sc(-c3cnccn3)nc2O)n1,5.72
CHEMBL5269450,CC(C)CC(=O)c1sc(-c2cccc(F)c2)nc1O,6.54
CHEMBL5289662,CCON(C)C(=O)c1sc(-c2ccccc2O)nc1O,5.82
