Molecule ChEMBL ID,,Standard Value,Smiles,HOMO,LUMO,Electronegativity,Hardness
CHEMBL3235962,,83,N#Cc1cccc(NC(=O)N2CCc3ccccc3[C@H]2c2ccc(C(F)(F)F)cc2)c1,-0.231539,-0.044737,0.13813799999999998,0.093401
CHEMBL3235983,,10,C[C@H](NC(=O)N1CCc2ccccc2[C@H]1c1ccc(C(F)(F)F)c(F)c1)C(F)(F)F,-0.232191,-0.042496,0.1373435,0.0948475
CHEMBL1650511,,0.413,FC(F)(F)c1ccccc1-c1cc(C(F)(F)F)c2[nH]c(C3=NOC4(CCCCC4)C3)nc2c1,-0.214139,-0.056617,0.135378,0.078761
CHEMBL2443068,,230.4,O=C1CC2(CCN(C(=O)Nc3ccc(C(F)(F)F)cc3)CC2)Oc2c(Cl)cccc21,-0.23319,-0.073593,0.15339150000000001,0.0797985
CHEMBL3959823,,870,Cc1cccc(CN(C(=O)c2ccccc2)[C@@H](C(N)=O)c2ccccc2)c1,-0.209752,-0.041662,0.12570699999999999,0.084045
CHEMBL3944840,,100,C[C@H](c1cccc(Cl)c1)N(C(=O)c1ccccc1O)[C@@H](C(N)=O)c1ccccc1,-0.208589,-0.042807,0.125698,0.082891
CHEMBL4644158,,36.85,O=C(NCc1ccc(F)cc1)[C@@H]1Cc2c([nH]c3ccccc23)CN1,-0.185784,-0.001692,0.093738,0.092046
CHEMBL4649088,,6.57,O=C1N[C@H](Cc2ccccc2)C(=O)N2Cc3[nH]c4ccccc4c3C[C@@H]12,-0.191669,-0.013927,0.102798,0.088871
CHEMBL2443089,,177.8,O=C(Nc1ccc(C(F)(F)F)cc1Cl)N1CCC2(CCc3cccc(Cl)c3O2)CC1,-0.223253,-0.038908,0.1310805,0.0921725
CHEMBL3985375,,10000,Cc1ccc(-c2csc(NC(=O)Cc3cccc4c3c(=O)n(C)c(=O)n4C)n2)cc1,-0.192536,-0.059496,0.12601600000000002,0.06652
CHEMBL3897802,,10000,Cn1c(=O)c2c(CC(=O)Nc3nc(-c4ccc(F)c(C(F)(F)F)c4)cs3)cccc2n(C)c1=O,-0.210732,-0.066446,0.13858900000000002,0.072143
CHEMBL3897467,,10000,Cn1c(=O)c2c(CC(=O)Nc3nc(-c4ccc(Cl)c(C(F)(F)F)c4)cs3)cccc2n(C)c1=O,-0.211096,-0.063722,0.137409,0.073687
CHEMBL3936454,,10000,Cc1oc2c(c1CC(=O)Nc1nc(-c3ccc(F)c(C(F)(F)F)c3)cs1)c(=O)n(C)c(=O)n2C,-0.203905,-0.040966,0.1224355,0.0814695
CHEMBL391997,,18000,Oc1cc2c(cc1O)CN(C(=S)NCCc1ccc(Cl)cc1)CCC2,-0.185306,-0.037935,0.1116205,0.0736855
CHEMBL3979456,,10000,Cn1c(=O)c2c(CC(=O)Nc3nc(-c4ccc(F)c(C(F)(F)F)c4F)cs3)ccnc2n(C)c1=O,-0.214704,-0.074442,0.144573,0.070131
CHEMBL3682545,,4.7,CCOC(C)(c1ccc(CN(c2ncc3ccccc3c2C)S(=O)(=O)c2ccc(C(=O)O)cc2)cc1)C(F)(F)F,-0.223845,-0.085896,0.1548705,0.0689745
CHEMBL3682546,,5,Cc1cc2ccccc2nc1N(Cc1ccc(OC(F)(F)F)cc1)S(=O)(=O)c1ccc(C(=O)O)cc1,-0.2226,-0.090386,0.156493,0.066107
CHEMBL3682562,,35,Cc1c(N(Cc2ccc(OC3CC3)cc2)S(=O)(=O)c2ccc(C(=O)O)cc2)ncc2ccccc12,-0.206346,-0.08268,0.144513,0.061833
CHEMBL3682573,,95,Cc1c(N(Cc2ccc(-c3ccccc3)nc2)S(=O)(=O)c2ccc(C(=O)O)cc2)ncc2ccccc12,-0.214367,-0.086122,0.1502445,0.0641225
CHEMBL3682589,,0.9,O=C(O)c1ccc(S(=O)(=O)N(Cc2ccc(OC(F)(F)F)cc2)c2ncc3ccccc3c2C2CC2)cc1,-0.2165,-0.080756,0.14862799999999998,0.067872
CHEMBL3682604,,195,Cc1c(N(Cc2nc3ccccc3o2)S(=O)(=O)c2ccc(C(=O)O)cc2)ncc2ccccc12,-0.218187,-0.076546,0.1473665,0.0708205
CHEMBL3682606,,15,Cc1c(N(Cc2ccc(OC(F)(F)F)cc2)S(=O)(=O)c2ccc(C(=O)O)cc2)nc(Br)c2ccccc12,-0.233938,-0.107094,0.170516,0.063422
CHEMBL3682617,,81,Cc1c(N(Cc2ccc(OC(F)(F)F)cc2)S(=O)(=O)c2ccc(C(=O)[O-])cc2)nc2ccccc2c1Cl,-0.020372,-0.007215,0.0137935,0.0065785
CHEMBL3687329,,339,Cc1c(N(Cc2ccc(OC(F)(F)F)cc2)S(=O)(=O)c2ccc(C(=O)[O-])cc2)ncc2ncccc12,-0.021025,-0.015688,0.018356499999999998,0.0026685
CHEMBL3687338,,12,Cc1c(N(Cc2cc3cccc(Cl)c3n2C)S(=O)(=O)c2ccc(C(=O)[O-])cc2)ncc2ccccc12,-0.019567,-0.002118,0.010842500000000001,0.0087245
CHEMBL275628,,13100,NCCc1c[nH]c2ccc(F)cc12,-0.191171,-0.008522,0.0998465,0.0913245
CHEMBL3971179,,80,C[C@H](c1cc(F)cc(F)c1)N(C(=O)c1ccccc1)[C@@H](C(N)=O)c1ccccc1,-0.227097,-0.042347,0.134722,0.092375
CHEMBL3924373,,10000,CCc1sc2c(c1CC(=O)Nc1nc(-c3cc(F)c(OC(F)F)c(F)c3)cs1)c(=O)n(C)c(=O)n2C,-0.209754,-0.040071,0.1249125,0.0848415
CHEMBL3905801,,10000,Cn1c(=O)c2c(CC(=O)Nc3nc(-c4ccc(F)c(C(F)(F)F)c4F)cs3)csc2n(C)c1=O,-0.220789,-0.043692,0.1322405,0.0885485
CHEMBL1289952,,28800,CCOC(=O)NCCc1c[nH]c2ccc(OCc3ccccc3)cc12,-0.189659,-0.005647,0.097653,0.092006
CHEMBL3935896,,2100,Cc1cccc(C(=O)N([C@H](C)c2cccc(Cl)c2)[C@@H](C(N)=O)c2ccccc2)c1,-0.212968,-0.051322,0.13214499999999998,0.080823
CHEMBL3926952,,180,C[C@H](c1cc(F)cc(Cl)c1)N(C(=O)c1ccccc1)[C@@H](C(N)=O)c1ccccc1,-0.222268,-0.064408,0.143338,0.07893
CHEMBL256087,,19000,CC1CCC(C(C)C)C(O)C1,-0.244942,0.064836,0.090053,0.154889
CHEMBL3984932,,10000,Cn1c(=O)c2c(CC(=O)Nc3nc(-c4cc(F)cc(C(F)(F)F)c4)cs3)nsc2n(C)c1=O,-0.215582,-0.052717,0.1341495,0.0814325
CHEMBL3353585,,2472,N#Cc1cc(C(F)(F)F)cnc1N(Cc1ccccc1)S(=O)(=O)c1ccc(C(=O)O)cc1,-0.249592,-0.091562,0.170577,0.079015
CHEMBL3353580,,23782,N#Cc1cnc(N(Cc2ccccc2)S(=O)(=O)c2ccc(C(=O)O)cc2)c(Cl)c1,-0.249808,-0.09712,0.173464,0.076344
CHEMBL3353579,,201,O=C(O)c1ccc(S(=O)(=O)N(Cc2ccccc2)c2ncc(Cl)cc2Cl)cc1,-0.237116,-0.090423,0.1637695,0.0733465
CHEMBL3235967,,37,CC(C)(C)NC(=O)N1CCc2ccccc2[C@H]1c1ccc(C(F)(F)F)cc1,-0.22172,-0.025467,0.1235935,0.0981265
CHEMBL3235959,,48,O=C(Nc1ccccc1F)N1CCc2ccccc2[C@H]1c1ccc(C(F)(F)F)cc1,-0.220184,-0.029115,0.1246495,0.0955345
CHEMBL1288652,,340,NCCc1c[nH]c2ccc(OCc3ccccc3)cc12,-0.179141,-0.002032,0.0905865,0.0885545
CHEMBL3353606,,15,O=C(O)c1ccc(S(=O)(=O)N(Cc2ccc3occc3c2)c2ncc(C(F)(F)F)cc2Cl)cc1,-0.212589,-0.091533,0.152061,0.060528
CHEMBL3904770,,10000,Cc1oc2c(c1CC(=O)Nc1nc(-c3cc(F)c(OCC(C)(C)C)c(F)c3)cs1)c(=O)n(C)c(=O)n2C,-0.200283,-0.035032,0.1176575,0.0826255
CHEMBL3987098,,10000,Cc1oc2c(c1CC(=O)/N=c1\scc(-c3ccc(OC(F)(F)F)c(Cl)c3)n1COC(=O)[C@@H](N)C(C)C)c(=O)n(C)c(=O)n2C,-0.19347,-0.045855,0.1196625,0.0738075
CHEMBL3936873,,100000,COc1cc(CN(C(=O)c2cccs2)[C@@H](C(N)=O)c2ccccc2)ccc1OCc1ccc(F)cc1,-0.201062,-0.054886,0.127974,0.073088
CHEMBL3900018,,588.84,Cc1cccc(COc2ccccc2C(=O)N(CCCN)Cc2cccs2)c1,-0.199952,-0.008832,0.104392,0.09556
CHEMBL3233042,,20000,CC1(c2ccc(C(F)(F)F)cc2)c2ccccc2CCN1C(=O)Nc1ccc(F)cc1,-0.211942,-0.021176,0.116559,0.095383
CHEMBL4237383,,109,O=C(N[C@@H](c1ccc(C(F)(F)F)c(F)c1)c1ccccc1C(F)(F)F)c1ccc2cccnc2c1,-0.234889,-0.072687,0.15378799999999998,0.081101
CHEMBL4246304,,75,O=C(N[C@@H](c1cnc2ccccc2c1)c1ncccc1C(F)(F)F)c1ccc2cccnc2c1,-0.223373,-0.068206,0.1457895,0.0775835
CHEMBL4250626,,20,O=C(O)c1ccc(C(=O)N[C@@H](c2ccc(OC(F)(F)F)c(F)c2)c2ncccc2F)cc1,-0.245644,-0.073331,0.1594875,0.0861565
CHEMBL4243837,,9,O=C(N[C@@H](c1ccc(OC(F)(F)F)c(F)c1)c1ncccc1F)c1ccc(=O)[nH]c1,-0.218308,-0.060042,0.139175,0.079133
CHEMBL3921886,,10000,Cn1c(=O)c2c(CC(=O)Nc3nc(-c4ccc(Br)cc4)cs3)cccc2n(C)c1=O,-0.218377,-0.078038,0.1482075,0.0701695
CHEMBL3956711,,10000,Cn1c(=O)c2c(CC(=O)Nc3nc(-c4cccc(C(F)(F)F)c4)cs3)cccc2n(C)c1=O,-0.206644,-0.05997,0.133307,0.073337
CHEMBL3977240,,10000,Cc1oc2c(c1CC(=O)Nc1nc(-c3ccc(F)c(OC(F)(F)F)c3)cs1)c(=O)n(C)c(=O)n2C,-0.207996,-0.036085,0.1220405,0.0859555
CHEMBL1939972,,10000,COCCCOc1cccc(C2NC(=S)NC3=C2C(=O)c2ccccc23)c1,-0.211317,-0.09622,0.1537685,0.0575485
CHEMBL2443064,,457.2,O=C(Nc1ccc(C(F)(F)F)cc1)N1CCC2(CCc3cc(F)cc(Cl)c3O2)CC1,-0.221173,-0.026389,0.123781,0.097392
CHEMBL2442051,,1240,NCCN(Cc1cccs1)C(=O)c1ccccc1OCc1ccccc1,-0.2066,-0.03288,0.11974,0.08686
CHEMBL2442016,,85.4,CCN(C(=O)c1ccccc1OCc1ccccc1Cl)[C@H]1CCC[C@@H](N)C1,-0.201096,-0.034282,0.117689,0.083407
CHEMBL3235975,,463,O=C(Nc1ccc(F)cc1)N1CCc2ccncc2C1c1ccc(C(F)(F)F)cc1,-0.215399,-0.03573,0.1255645,0.0898345
CHEMBL3235978,,200,O=C(Nc1ccc(F)cc1)N1CCc2nccnc2[C@H]1c1ccc(C(F)(F)F)cc1,-0.213618,-0.062373,0.1379955,0.0756225
CHEMBL441472,,475,CC(C)(C)c1ccc(NC(=O)N2CCN(c3ncccc3Cl)CC2)cc1,-0.200636,-0.034282,0.11745900000000001,0.083177
CHEMBL3682597,,92,Cc1c(N(Cc2ccc3ccn(C)c3c2)S(=O)(=O)c2ccc(C(=O)O)cc2)ncc2ccccc12,-0.18863,-0.076832,0.132731,0.055899
CHEMBL3682600,,21,Cc1c(N(Cc2ccc(OC(F)(F)F)cc2)S(=O)(=O)c2ccc(C(N)=O)cc2)ncc2ccccc12,-0.221934,-0.073549,0.1477415,0.0741925
CHEMBL3687366,,6,Cc1c(N(Cc2cc3cc(F)cc(F)c3s2)S(=O)(=O)c2ccc(C(=O)O)cc2)ncc2ccccc12,-0.215963,-0.082962,0.1494625,0.0665005
CHEMBL3687390,,2.6,COC(C)(c1ccc(CN(c2ncc3ccccc3c2C)S(=O)(=O)c2ccc(C(=O)O)cc2)cc1F)C(F)(F)F,-0.225852,-0.082337,0.1540945,0.0717575
CHEMBL3682610,,4.3,Cc1cc2cccc(Cl)c2nc1N(Cc1ccc(OC(F)(F)F)cc1)S(=O)(=O)c1ccc(C(=O)O)cc1,-0.231936,-0.082829,0.1573825,0.0745535
CHEMBL3687324,,48,CC(C)c1nc(N(Cc2ccc(OC(F)(F)F)cc2)S(=O)(=O)c2ccc(C(=O)O)cc2)c(C(C)C)c2ccccc12,-0.218935,-0.085439,0.152187,0.066748
CHEMBL3687353,,1,Cc1c(N(Cc2ccc(C(F)(F)C3CC3)c(Cl)c2)S(=O)(=O)c2ccc(C(=O)O)cc2)nc(C2CC2)c2ccccc12,-0.216168,-0.083335,0.1497515,0.0664165
CHEMBL3687358,,4.3,O=C(O)c1ccc(S(=O)(=O)N(c2ncc3ccccc3c2C2CC2)C2CCc3cc(OC(F)(F)F)ccc32)cc1,-0.224907,-0.08092,0.1529135,0.0719935
CHEMBL3682541,,22,Cn1ccc2c(Cl)cnc(N(Cc3ccc(OC(F)(F)F)cc3)S(=O)(=O)c3ccc(C(=O)[O-])cc3)c21,-0.030649,0.021091,0.004779,0.025869999999999997
CHEMBL3682542,,26,Cc1c(N(Cc2ccc(-c3ccc(F)cc3)cc2)S(=O)(=O)c2ccc(C(=O)O)cc2)ncc2ccccc12,-0.220916,-0.080612,0.150764,0.070152
CHEMBL3682554,,65,Cc1c(N(Cc2cccc3ccccc23)S(=O)(=O)c2ccc(C(=O)O)cc2)ncc2ccccc12,-0.201769,-0.079632,0.1407005,0.061068500000000005
CHEMBL3687412,,8.5,NC(=O)c1ccc(S(=O)(=O)N(Cc2ccc(OC(F)(F)F)cc2)c2ncc3ccccc3c2C2CC2)cc1,-0.22274,-0.070468,0.146604,0.076136
CHEMBL3899453,,10000,Cc1oc2c(c1CC(=O)Nc1nc(-c3cc(F)c(C(F)(F)F)c(F)c3)cs1)c(=O)n(C)c(=O)n2C,-0.209881,-0.056468,0.1331745,0.0767065
CHEMBL3920312,,10000,Cc1oc2c(c1CC(=O)Nc1nc(-c3cc(Cl)c(OCC(C)C)c(Cl)c3)cs1)c(=O)n(C)c(=O)n2C,-0.208866,-0.042529,0.1256975,0.0831685
CHEMBL4780270,,110,C[C@H](c1cc(F)cc(F)c1)N(C(=O)c1ccccc1N)[C@@H](C(N)=O)c1ccccc1,-0.191322,-0.024892,0.108107,0.083215
CHEMBL4749601,,300,NC(=O)[C@@H](c1ccccc1)N(C(=O)c1ccccc1)[C@@H]1CCc2c(F)cc(Cl)cc21,-0.21944,-0.049934,0.134687,0.084753
CHEMBL4763338,,3300,NC(=O)[C@@H](c1ccccc1)N(C(=O)c1ccccc1)[C@@H]1COc2ccccc21,-0.207473,-0.044969,0.126221,0.081252
CHEMBL4754910,,19500,NC(=O)[C@@H](c1ccccc1)N(C(=O)c1ccccc1)[C@@H]1CCc2ncccc21,-0.214401,-0.06248,0.1384405,0.0759605
CHEMBL4764800,,1700,C[C@H](c1cc(F)c(F)c(F)c1)N(C(=O)c1ccccc1)[C@@H](C(N)=O)c1ccccc1,-0.22066,-0.058005,0.1393325,0.0813275
CHEMBL3687391,,5,CCOC(C)(c1ccc(CN(c2ncc3ccccc3c2C)S(=O)(=O)c2ccc(C(=O)O)cc2)cc1F)C(F)(F)F,-0.223469,-0.090692,0.1570805,0.0663885
CHEMBL3687402,,6.9,CC(C)c1nc(N(Cc2ccc(OC(F)(F)F)cc2)S(=O)(=O)c2ccc(C(=O)O)cc2)c(C2CC2)c2ccccc12,-0.220189,-0.075618,0.1479035,0.0722855
CHEMBL3939180,,10000,Cn1c(=O)c2c(CC(=O)Nc3nc(-c4ccc(F)cc4F)cs3)cccc2n(C)c1=O,-0.204432,-0.06267,0.133551,0.070881
CHEMBL3935604,,10000,Cn1c(=O)c2c(CC(=O)Nc3ccn(-c4cccc(C(F)(F)F)c4)n3)cccc2n(C)c1=O,-0.206869,-0.056985,0.131927,0.074942
CHEMBL3958453,,10000,Cn1c(=O)c2c(CC(=O)Nc3nc(-c4cccc(F)c4F)cs3)cccc2n(C)c1=O,-0.206313,-0.065799,0.136056,0.070257
CHEMBL3906012,,10000,Cn1c(=O)c2c(CC(=O)Nc3nc(-c4cc(F)c(OCC(F)(F)F)c(F)c4)cs3)cccc2n(C)c1=O,-0.211561,-0.063505,0.13753300000000002,0.074028
CHEMBL3981381,,10000,Cn1nc2c(c1CC(=O)Nc1nc(-c3ccc(C(F)(F)F)c(F)c3)cs1)c(=O)n(C)c(=O)n2C,-0.219455,-0.052939,0.136197,0.083258
CHEMBL4647674,,4.1,O=C1[C@@H]2Cc3c([nH]c4ccccc34)[C@@H](c3ccc(Cl)cc3)N2C(=O)N1Cc1ccc(F)cc1,-0.200937,-0.026302,0.1136195,0.0873175
CHEMBL3682586,,29,Cc1c(N(Cc2ccc(OC(F)(F)F)cc2)S(=O)(=O)c2ccc(C(=O)O)cc2)nc(N2CCCC2)c2ccccc12,-0.191944,-0.086019,0.1389815,0.0529625
CHEMBL3682596,,54,Cc1c(N(Cc2ccc3cc[nH]c3c2)S(=O)(=O)c2ccc(C(=O)O)cc2)ncc2ccccc12,-0.192,-0.076955,0.1344775,0.057522500000000004
CHEMBL3687330,,301,Cc1c(N(Cc2ccc(OC(F)(F)F)cc2)S(=O)(=O)c2ccc(C(=O)[O-])cc2)ncc2ccncc12,-0.023143,-0.013279,0.018210999999999998,0.004932
CHEMBL3687345,,78,Cc1c(N(Cc2ccc3c(c2)CCC3(O)C(F)(F)F)S(=O)(=O)c2ccc(C(=O)O)cc2)ncc2ccccc12,-0.220418,-0.086358,0.153388,0.06703
CHEMBL3687349,,30,Cc1c(N(Cc2ccc(C(O)(C3CC3)C(F)(F)F)cc2)S(=O)(=O)c2ccc(C(=O)O)cc2)ncc2ccccc12,-0.220918,-0.08165,0.151284,0.069634
CHEMBL3682557,,3.1,O=C([O-])c1ccc(S(=O)(=O)N(Cc2ccc(OC(F)(F)F)cc2)c2ncc3ccccc3c2Cl)cc1,-0.019581,-0.009481,0.014531,0.00505
CHEMBL3682560,,37,Cc1c(N(Cc2ccc(OCC3CCC3)cc2)S(=O)(=O)c2ccc(C(=O)[O-])cc2)ncc2ccccc12,-0.023805,0.003943,0.009931,0.013874000000000001
CHEMBL4246499,,1140,O=C(N[C@@H](Cc1ccccc1)c1ncccc1C(F)(F)F)c1ccc2cccnc2c1,-0.225732,-0.067221,0.1464765,0.0792555
CHEMBL3299024,,6400,FC(F)(F)Oc1cc2[nH]ncc2cc1-c1ccccc1C(F)(F)F,-0.217917,-0.03584,0.1268785,0.0910385
CHEMBL4247847,,119,C[C@H](NC(=O)N[C@@H](c1ccc(C(F)(F)F)cc1)c1ncccc1F)C(F)(F)F,-0.242297,-0.036652,0.1394745,0.10282250000000001
CHEMBL3911625,,10000,Cn1c(=O)c2c(CC(=O)Nc3nc(-c4cc(Cl)ccc4F)cs3)cccc2n(C)c1=O,-0.2065,-0.061707,0.1341035,0.0723965
CHEMBL3920559,,10000,Cn1c(=O)c2c(CC(=O)Nc3nc(-c4cccc(OC(F)(F)F)c4)cs3)cccc2n(C)c1=O,-0.205485,-0.061869,0.133677,0.071808
CHEMBL3918948,,1000,CC(C)c1sc2c(c1CC(=O)Nc1nc(-c3ccc(C(F)(F)F)c(F)c3)cs1)c(=O)n(C)c(=O)n2C,-0.209818,-0.047582,0.1287,0.081118
CHEMBL3896353,,10000,CCc1sc2c(c1CC(=O)Nc1nc(-c3cc(F)c(OCC(F)(F)F)c(F)c3)cs1)c(=O)n(C)c(=O)n2C,-0.203194,-0.03592,0.11955700000000001,0.083637
CHEMBL3947821,,10000,Cn1c(=O)c2c(CC(=O)Nc3nc(-c4cc(F)cc(C(F)(F)F)c4)cs3)coc2n(C)c1=O,-0.21793,-0.046137,0.1320335,0.0858965
CHEMBL3687321,,870,Cc1c(N(Cc2ccc(OC(F)(F)F)cc2)S(=O)(=O)c2ccc(C(=O)[O-])cc2)ncc2ccn(C)c12,-0.023928,0.039898,-0.007985,0.031913000000000004
CHEMBL3687335,,166,Cc1c(N(Cc2cnc3ccccc3c2)S(=O)(=O)c2ccc(C(=O)[O-])cc2)ncc2ccccc12,-0.031737,0.005655,0.013041,0.018696
CHEMBL3687352,,6.9,Cc1cc2ccccc2nc1N(Cc1ccc2c(c1)CCCC2)S(=O)(=O)c1ccc(C(=O)O)cc1,-0.219933,-0.088046,0.1539895,0.0659435
CHEMBL3687374,,1.5,Cc1c(N(Cc2ccc(C(F)(F)C3CC3)c(F)c2)S(=O)(=O)c2ccc(C(=O)O)cc2)ncc2ccccc12,-0.225912,-0.087359,0.1566355,0.0692765
CHEMBL3951379,,10000,Cn1c(=O)c2c(CC(=O)Nc3nc(-c4ccc(F)c(Cl)c4)cs3)cccc2n(C)c1=O,-0.207637,-0.06281,0.1352235,0.0724135
CHEMBL1289835,,1500,Cc1[nH]c2ccc(OCc3ccccc3)cc2c1CCN,-0.175029,0.000753,0.087138,0.087891
CHEMBL357130,,5630,CN(C)CCc1c[nH]c2ccc(OCc3ccccc3)cc12,-0.179123,-0.001859,0.090491,0.088632
CHEMBL3980601,,210,COC(=O)[C@@H](c1ccccc1)N(Cc1cccc(OC)c1)C(=O)c1ccccc1,-0.204721,-0.058889,0.131805,0.072916
CHEMBL3889714,,43000,COc1cccc([C@H](C)N(C(=O)c2ccccc2)[C@@H](C(N)=O)c2ccccc2)c1,-0.202619,-0.037681,0.12014999999999999,0.082469
CHEMBL3926675,,19000,CC[C@H](c1ccccc1)N(C(=O)c1ccccc1)[C@@H](C(N)=O)c1ccccc1,-0.200815,-0.046936,0.1238755,0.0769395
CHEMBL3299019,,10900,COc1cc2[nH]ncc2cc1-c1ccccc1C(F)(F)F,-0.202328,-0.022223,0.1122755,0.0900525
CHEMBL3577885,,103,C[C@H](c1ccc(F)cc1)N(Cc1cccc(C(=O)O)c1)C(=O)c1cnc2ccccc2c1,-0.225004,-0.074805,0.1499045,0.0750995
CHEMBL4647464,,15.46,COC(=O)CC[C@H]1N[C@H](C(=O)NCc2ccc(F)cc2)Cc2c1[nH]c1ccccc21,-0.186471,-0.012485,0.099478,0.086993
CHEMBL1288717,,30400,NCCc1c[nH]c2ccc(Br)cc12,-0.200898,-0.025434,0.11316599999999999,0.087732
CHEMBL4246904,,19,O=C(N[C@@H](c1ccc(C(F)(F)F)c(F)c1)c1ncccc1C(F)(F)F)c1ccc2cccnc2c1,-0.234867,-0.072686,0.15377649999999998,0.0810905
CHEMBL3687392,,1.7,COC(c1ccc(CN(c2ncc3ccccc3c2C)S(=O)(=O)c2ccc(C(=O)O)cc2)cc1)(C(F)(F)F)C(F)(F)F,-0.218868,-0.083295,0.1510815,0.0677865
CHEMBL3687397,,9.2,Cc1c(N(Cc2ccc(OC(F)(F)F)cc2)S(=O)(=O)c2ccc(C(=O)O)cc2)nc(C2CCCC2)c2ccccc12,-0.220038,-0.085551,0.1527945,0.0672435
CHEMBL122413,,10000,COc1cccc(NC(=O)/C=C/c2ccc(Cl)cc2)c1,-0.207315,-0.069509,0.138412,0.068903
CHEMBL3235963,,155,N#Cc1ccc(NC(=O)N2CCc3ccccc3[C@H]2c2ccc(C(F)(F)F)cc2)cc1,-0.235431,-0.043877,0.139654,0.095777
CHEMBL3235973,,391,O=C(Nc1ccc(F)cc1)N1CCc2ncccc2[C@H]1c1ccc(C(F)(F)F)cc1,-0.206173,-0.037789,0.121981,0.084192
CHEMBL4752955,,110,NC(=O)[C@@H](c1ccccc1)N(C(=O)c1cccnc1)[C@@H]1CCc2c(F)cc(F)cc21,-0.228249,-0.051498,0.1398735,0.0883755
CHEMBL3941901,,10000,Cn1c(=O)c2c(CC(=O)Nc3nc(-c4ccc(F)c(C(F)(F)F)c4F)cs3)nsc2n(C)c1=O,-0.214316,-0.053544,0.13393,0.080386
CHEMBL4247395,,27,O=C(N[C@@H](c1ccc(C(F)(F)F)c(F)c1)c1ncccc1C(F)(F)F)c1ccccc1,-0.245091,-0.058545,0.151818,0.093273
CHEMBL4245344,,311,O=C(N[C@@H](c1ccc(C(F)(F)F)cc1)c1cnccc1C(F)(F)F)c1ccc2cccnc2c1,-0.236837,-0.074665,0.155751,0.081086
CHEMBL3353595,,96,O=C(O)c1ccc(S(=O)(=O)N(Cc2ccccc2OC(F)(F)F)c2ncc(C(F)(F)F)cc2Cl)cc1,-0.243128,-0.088611,0.1658695,0.0772585
CHEMBL3353596,,57,O=C(O)c1ccc(S(=O)(=O)N(Cc2cccc(OC(F)(F)F)c2)c2ncc(C(F)(F)F)cc2Cl)cc1,-0.243017,-0.092113,0.16756500000000002,0.075452
CHEMBL3353590,,104,O=C(O)c1ccc(S(=O)(=O)N(CC2CCCCC2)c2ncc(C(F)(F)F)cc2Cl)cc1,-0.249642,-0.092498,0.17107,0.078572
CHEMBL2324349,,4,Cc1c(N(Cc2ccc(F)c(C(F)(F)F)c2)S(=O)(=O)c2ccc(C(=O)O)cc2)sc2ccccc12,-0.213371,-0.089107,0.151239,0.062132
CHEMBL4238688,,95,COc1ccc([C@H](NC(=O)c2ccc3cccnc3c2)c2ncccc2C(F)(F)F)cc1,-0.201624,-0.067449,0.1345365,0.0670875
CHEMBL3353591,,3720,O=C(O)c1ccc(S(=O)(=O)N(CCN2CCOCC2)c2ncc(C(F)(F)F)cc2Cl)cc1,-0.197041,-0.091765,0.144403,0.052638
CHEMBL3353599,,14,O=C(O)c1ccc(S(=O)(=O)N(Cc2ccc(F)c(C(F)(F)F)c2)c2ncc(C(F)(F)F)cc2Cl)cc1,-0.253398,-0.098622,0.17601,0.077388
CHEMBL3682544,,43,Cc1c(N(Cc2ccc(F)c(C(F)(F)F)n2)S(=O)(=O)c2ccc(C(=O)[O-])cc2)ncc2ccccc12,-0.019875,0.00292,0.0084775,0.0113975
CHEMBL3682553,,4.9,Cc1c(N(Cc2ccc(F)c(C(F)(F)F)c2)S(=O)(=O)c2ccc(C(=O)[O-])cc2)ncc2ccccc12,-0.025009,-0.002038,0.0135235,0.0114855
CHEMBL3682580,,10,Cc1c(N(Cc2ccc(-c3ccccc3F)cc2)S(=O)(=O)c2ccc(C(=O)O)cc2)ncc2ccccc12,-0.217976,-0.08797,0.152973,0.065003
CHEMBL3682552,,16,Cc1c(N(Cc2ccc(Oc3ccccc3)cc2)S(=O)(=O)c2ccc(C(=O)O)cc2)ncc2ccccc12,-0.208751,-0.078855,0.143803,0.064948
CHEMBL3682569,,8.3,Cc1c(N(Cc2ccc3c(c2)CC(C)(C)C3)S(=O)(=O)c2ccc(C(=O)O)cc2)ncc2ccccc12,-0.218658,-0.083721,0.1511895,0.0674685
CHEMBL3682575,,18,Cc1c(N(Cc2ccc3c(c2)CC(C)(C)O3)S(=O)(=O)c2ccc(C(=O)O)cc2)ncc2ccccc12,-0.200065,-0.083032,0.1415485,0.0585165
CHEMBL3682582,,7.6,Cc1nc(N(Cc2ccc(OC(F)(F)F)cc2)S(=O)(=O)c2ccc(C(=O)[O-])cc2)c(C)c2ccccc12,-0.015855,0.003309,0.006273,0.009582
CHEMBL3687343,,7.1,Cc1c(N(Cc2ccc(CC3CC3)cc2F)S(=O)(=O)c2ccc(C(=O)O)cc2)ncc2ccccc12,-0.221267,-0.077991,0.149629,0.071638
CHEMBL3687346,,35,Cc1c(N(Cc2ccc(C(C)(O)C(F)(F)C(F)(F)F)cc2)S(=O)(=O)c2ccc(C(=O)O)cc2)ncc2ccccc12,-0.224321,-0.080409,0.152365,0.071956
CHEMBL3687356,,1.1,O=C(O)c1ccc(S(=O)(=O)N(Cc2cc3c(F)cc(F)cc3s2)c2ncc3ccccc3c2C2CC2)cc1,-0.207752,-0.079319,0.14353549999999998,0.0642165
CHEMBL3687372,,0.6,Cc1c(N(Cc2ccc(C(F)(F)C3CC3)c(Cl)c2)S(=O)(=O)c2ccc(C(=O)O)cc2)ncc2ccccc12,-0.2205,-0.075586,0.148043,0.072457
CHEMBL3687376,,31,Cc1c(N(Cc2cccc(C(F)(F)C3CC3)c2)S(=O)(=O)c2ccc(C(=O)O)cc2)ncc2ccccc12,-0.224595,-0.083133,0.153864,0.070731
CHEMBL3687386,,8.2,Cc1c(N(Cc2ccc(OC(F)(F)F)cc2)S(=O)(=O)c2ccc(C(=O)O)cc2)nc(C2CC2)c2c(C)cccc12,-0.209703,-0.08916,0.1494315,0.0602715
CHEMBL3687319,,91,Cc1cc2cc(F)ccc2nc1N(Cc1ccc(OC(F)(F)F)cc1)S(=O)(=O)c1ccc(C(=O)O)cc1,-0.229408,-0.091385,0.1603965,0.0690115
CHEMBL3687323,,3.9,COc1c(N(Cc2ccc(OC(F)(F)F)cc2)S(=O)(=O)c2ccc(C(=O)O)cc2)ncc2ccccc12,-0.223686,-0.08527,0.154478,0.069208
CHEMBL3944579,,10000,Cc1oc2c(c1CC(=O)Nc1nc(-c3cccc(C(F)(F)F)c3F)cs1)c(=O)n(C)c(=O)n2C,-0.203852,-0.039396,0.12162400000000001,0.082228
CHEMBL3948210,,10000,Cn1c(=O)c2c(CC(=O)Nc3nc(-c4cc(F)c(OCC(F)(F)F)c(F)c4)cs3)ccnc2n(C)c1=O,-0.211694,-0.079592,0.145643,0.066051
CHEMBL4248426,,20,O=C(N[C@@H](c1ccc(C(F)(F)F)cc1)c1ncccc1C(F)(F)F)c1ccc2ncccc2c1,-0.230201,-0.070281,0.15024099999999999,0.07996
CHEMBL1288716,,21500,NCCc1c[nH]c2ccc(Cl)cc12,-0.188802,-0.00749,0.098146,0.090656
CHEMBL3687406,,1.6,O=C([O-])c1ccc(S(=O)(=O)N(Cc2ccc(C(F)(F)C3CC3)c(F)c2)c2ncc3ccccc3c2C(F)(F)F)cc1,-0.023376,-0.015101,0.0192385,0.0041375
CHEMBL3687408,,12,Cc1c(N(Cc2ccc3c(c2)c(Cl)cn3C)S(=O)(=O)c2ccc(C(=O)O)cc2)ncc2ccccc12,-0.195192,-0.076561,0.1358765,0.0593155
CHEMBL3577897,,6863,O=C(O)c1cccc(CN(C(=O)c2cnc3ccccc3c2)[C@H](CO)c2ccccc2)c1,-0.221108,-0.073116,0.147112,0.073996
CHEMBL3577886,,340,C[C@H](c1ccc(F)cc1)N(Cc1cccc(C(=O)O)c1)C(=O)c1cc2ccccc2nn1,-0.214463,-0.092544,0.1535035,0.0609595
CHEMBL3577880,,837,C[C@H](c1ccc(F)cc1)N(Cc1cccc(C(=O)O)c1)C(=O)c1cccc(-c2ccccc2)c1,-0.225619,-0.050945,0.138282,0.087337
CHEMBL4750971,,210,Cc1ncccc1C(=O)N([C@@H]1CCc2c(F)cc(Cl)cc21)[C@@H](C(N)=O)c1ccccc1,-0.21783,-0.064687,0.1412585,0.0765715
CHEMBL3968269,,10000,CCc1ccc(-c2csc(NC(=O)Cc3cccc4c3c(=O)n(C)c(=O)n4C)n2)cc1,-0.192296,-0.059542,0.125919,0.066377
CHEMBL3577903,,328,CC[C@H](c1ccc(C)o1)N(Cc1cccc(C(=O)O)c1)C(=O)c1cnc2ccccc2c1,-0.18745,-0.065501,0.12647550000000002,0.0609745
CHEMBL3577902,,62,C[C@H](c1cccc(Cl)c1)N(Cc1cccc(C(=O)O)c1)C(=O)c1cnc2ccccc2c1,-0.219438,-0.079633,0.1495355,0.0699025
CHEMBL3577896,,9356,O=C(O)c1cccc(CN(Cc2ccc(F)cc2)C(=O)c2cnc3ccccc3c2)c1,-0.222281,-0.07205,0.1471655,0.0751155
CHEMBL3577892,,7820,Cc1ccc(CN(C(=O)c2cnc3ccccc3c2)[C@H](C)c2ccc(F)cc2)cc1C(=O)O,-0.216166,-0.074668,0.145417,0.070749
CHEMBL3577891,,3282,C[C@H](c1ccc(F)cc1)N(Cc1ccc(F)c(C(=O)O)c1)C(=O)c1cnc2ccccc2c1,-0.220838,-0.076664,0.148751,0.072087
CHEMBL3577888,,5000,CC(c1ccc(F)cc1)N(Cc1cccc(C(=O)O)c1)C(=O)C1Cc2ccccc2C1,-0.211915,-0.05521,0.1335625,0.0783525
CHEMBL3576881,,307,C[C@H](c1ccc(F)cc1)N(Cc1cccc(C(=O)O)c1)C(=O)c1cn2ccccc2n1,-0.20953,-0.053296,0.131413,0.078117
CHEMBL3235968,,44,CC(C)NC(=O)N1CCc2ccccc2[C@H]1c1ccc(C(F)(F)F)cc1,-0.217349,-0.020753,0.11905099999999999,0.098298
CHEMBL3235971,,154,O=C(NC(c1ccccc1)C(F)(F)F)N1CCc2ccccc2[C@H]1c1ccc(C(F)(F)F)cc1,-0.232492,-0.025574,0.129033,0.103459
CHEMBL3235972,,324,O=C(Nc1ccc(F)cc1)N1CC(F)(F)c2ccccc2C1c1ccc(C(F)(F)F)cc1,-0.209041,-0.039216,0.1241285,0.0849125
CHEMBL3353601,,3.3,CC(C)(c1ccc(CN(c2ncc(C(F)(F)F)cc2Cl)S(=O)(=O)c2ccc(C(=O)O)cc2)cc1)C(F)(F)F,-0.239642,-0.094278,0.16696,0.072682
CHEMBL3687403,,10,O=C(O)c1ccc(S(=O)(=O)N(Cc2ccc(OC(F)(F)F)cc2)c2nc(C3CC3)c3ccccc3c2C2CC2)cc1,-0.21085,-0.088928,0.149889,0.060961
CHEMBL3898642,,400,C[C@H](c1cccc(Cl)c1)N(C(=O)c1ccccc1)[C@@H](C(N)=O)c1ccccc1,-0.209618,-0.06491,0.137264,0.072354
CHEMBL3687360,,1.7,Cc1c(N(Cc2ccc(C(F)(F)C3CCC3)cc2)S(=O)(=O)c2ccc(C(=O)O)cc2)ncc2ccccc12,-0.219598,-0.082262,0.15093,0.068668
CHEMBL4237618,,5,O=C(N[C@@H](c1ccc(C(F)(F)F)c(F)c1)c1ncccc1F)c1ccc(=O)[nH]c1,-0.221061,-0.063276,0.1421685,0.0788925
CHEMBL2442014,,254,CCN(C(=O)c1ccccc1OCc1ccc(Cl)cc1)[C@H]1CCC[C@@H](N)C1,-0.205964,-0.022958,0.11446100000000001,0.091503
CHEMBL2442013,,19.3,CCN(C(=O)c1ccccc1OCc1ccc(Cl)cc1)[C@@H]1CCC[C@H](N)C1,-0.202709,-0.033698,0.1182035,0.0845055
CHEMBL2442021,,15.1,CCN(C(=O)c1ccccc1OCc1ccccc1C)[C@@H]1CCC[C@H](N)C1,-0.207559,-0.008105,0.107832,0.099727
CHEMBL2442033,,1360,N[C@H]1CCC[C@@H](N(C(=O)c2ccccc2OCc2ccccc2)C2CCC2)C1,-0.19058,-0.035566,0.113073,0.077507
CHEMBL1955989,,15,FC(F)(F)c1ccccc1-c1ccc2[nH]c(/C=C/C3CCCCC3)nc2c1,-0.201616,-0.037532,0.119574,0.082042
CHEMBL2443060,,46.3,O=C(Nc1ccc(OC(F)(F)F)cc1)N1CCC2(CC1)C[C@H](O)c1cccc(Cl)c1O2,-0.212823,-0.020634,0.11672850000000001,0.0960945
CHEMBL2443070,,111,O=C1CC2(CCN(C(=O)Nc3ccc(OC(F)(F)F)cc3)CC2)Oc2c(Cl)cccc21,-0.213551,-0.074444,0.1439975,0.0695535
CHEMBL3687410,,14,Cc1c(N(Cc2ccc(OC(F)(F)F)cc2)S(=O)(=O)c2ccc(C(=O)NC#N)cc2)ncc2ccccc12,-0.228689,-0.094813,0.161751,0.066938
CHEMBL3935137,,10000,Cn1c(=O)c2c(CC(=O)Nc3nc(-c4ccc(C(F)(F)F)c(F)c4)cs3)cccc2n(C)c1=O,-0.213653,-0.072039,0.142846,0.070807
CHEMBL3235977,,786,O=C(Nc1ccc(F)cc1)N1CCc2cncnc2C1c1ccc(C(F)(F)F)cc1,-0.217497,-0.052393,0.134945,0.082552
CHEMBL3235966,,398,O=C(Nc1ccncc1)N1CCc2ccccc2[C@H]1c1ccc(C(F)(F)F)cc1,-0.229518,-0.042196,0.135857,0.093661
CHEMBL3235969,,14,C[C@H](NC(=O)N1CCc2ccccc2[C@H]1c1ccc(C(F)(F)F)cc1)C(F)(F)F,-0.228823,-0.027508,0.1281655,0.1006575
CHEMBL3235974,,1262,O=C(Nc1ccc(F)cc1)N1CCc2cnccc2C1c1ccc(C(F)(F)F)cc1,-0.215831,-0.036481,0.126156,0.089675
CHEMBL3974529,,1.4,Cc1c(N(Cc2ccc(OC(F)(F)F)cc2)S(=O)(=O)c2ccc(C(=O)O)cc2)sc2ccccc12,-0.20814,-0.090308,0.149224,0.058915999999999996
CHEMBL3892970,,10000,Cn1c(=O)c2c(CC(=O)Nc3nc(-c4ccc(OC(F)(F)F)c(F)c4)cs3)nsc2n(C)c1=O,-0.208669,-0.05192,0.1302945,0.0783745
CHEMBL3687354,,4,Cc1cc2ccccc2nc1N(Cc1ccc(C(F)(F)C2CC2)cc1)S(=O)(=O)c1ccc(C(=O)O)cc1,-0.226546,-0.087754,0.15715,0.069396
CHEMBL3687370,,3.9,Cc1c(N(Cc2cc3cccc(Cl)c3s2)S(=O)(=O)c2ccc(C(=O)O)cc2)ncc2ccccc12,-0.202726,-0.087962,0.145344,0.057381999999999996
CHEMBL3687382,,987,Cn1ccc2c(N(Cc3ccc(OC(F)(F)F)cc3)S(=O)(=O)c3ccc(C(=O)O)cc3)ncc(Cl)c21,-0.212208,-0.076734,0.14447100000000002,0.067737
CHEMBL3687394,,3.5,COC1(C(F)(F)F)CCc2cc(CN(c3ncc4ccccc4c3C)S(=O)(=O)c3ccc(C(=O)O)cc3)ccc21,-0.219344,-0.087746,0.15354500000000001,0.065799
CHEMBL3687413,,10,NC(=O)c1ccc(S(=O)(=O)N(Cc2ccc(OC(F)(F)F)cc2)c2ncc3ccccc3c2C(F)(F)F)cc1,-0.229931,-0.084587,0.15725899999999998,0.072672
CHEMBL3920106,,10000,Cc1oc2c(c1CC(=O)Nc1nc(-c3ccc(C(F)(F)F)cc3F)cs1)c(=O)n(C)c(=O)n2C,-0.208303,-0.046088,0.1271955,0.0811075
CHEMBL3682558,,12,Cc1c(N(Cc2ccc(C3CC3)cc2)S(=O)(=O)c2ccc(C(=O)O)cc2)ncc2ccccc12,-0.219453,-0.078376,0.1489145,0.0705385
CHEMBL3682565,,20,Cc1c(N(Cc2ccc(OCC3CC3)c(Cl)c2)S(=O)(=O)c2ccc(C(=O)[O-])cc2)ncc2ccccc12,-0.023939,0.000522,0.011708499999999998,0.0122305
CHEMBL3682568,,1.3,Cc1c(N(Cc2ccc3c(c2)CCC3(C)C)S(=O)(=O)c2ccc(C(=O)O)cc2)ncc2ccccc12,-0.217146,-0.072231,0.1446885,0.0724575
CHEMBL3682591,,21,Cc1c(N(Cc2ccc(OC(F)(F)F)cc2)S(=O)(=O)c2ccc(C(=O)O)cc2)nc(C(F)(F)F)c2ccccc12,-0.232196,-0.094107,0.1631515,0.0690445
CHEMBL3682608,,109,Cc1ccc2c(C)c(N(Cc3ccc(OC(F)(F)F)cc3)S(=O)(=O)c3ccc(C(=O)O)cc3)ncc2c1,-0.21943,-0.080408,0.149919,0.069511
CHEMBL3682615,,11,Cc1cc2c(Cl)cccc2nc1N(Cc1ccc(OC(F)(F)F)cc1)S(=O)(=O)c1ccc(C(=O)[O-])cc1,-0.025337,-0.010354,0.0178455,0.0074915
CHEMBL3682619,,17,Cc1cc2ccccc2nc1N(Cc1cccc(OC(F)(F)F)c1)S(=O)(=O)c1ccc(C(=O)[O-])cc1,-0.018276,0.005115,0.0065805,0.011695500000000001
CHEMBL3687320,,70,Cc1cc2ccc(F)cc2nc1N(Cc1ccc(OC(F)(F)F)cc1)S(=O)(=O)c1ccc(C(=O)O)cc1,-0.228824,-0.09055,0.159687,0.069137
CHEMBL3687322,,287,O=C(O)c1ccc(S(=O)(=O)N(Cc2ccc(OC(F)(F)F)cc2)c2cc3c(Cl)cccc3c(Br)n2)cc1,-0.230247,-0.110336,0.1702915,0.0599555
CHEMBL3687326,,95,CC(=O)c1ccc(S(=O)(=O)N(Cc2ccc(OC(F)(F)F)cc2)c2ncc3ccccc3c2C)cc1,-0.222268,-0.085777,0.1540225,0.0682455
CHEMBL3687327,,2.3,O=C(O)c1ccc(S(=O)(=O)N(Cc2ccc(OC(F)(F)F)cc2)c2ncc3ccccc3c2Br)cc1,-0.239814,-0.0976,0.168707,0.071107
CHEMBL3687328,,6.2,CCc1c(N(Cc2ccc(OC(F)(F)F)cc2)S(=O)(=O)c2ccc(C(=O)O)cc2)ncc2ccccc12,-0.220274,-0.089363,0.1548185,0.0654555
CHEMBL3687331,,32,Cc1c(N(Cc2cc3ccccc3n2C)S(=O)(=O)c2ccc(C(=O)[O-])cc2)ncc2ccccc12,-0.01275,0.003327,0.0047115,0.0080385
CHEMBL3687334,,71,CCn1c(CN(c2ncc3ccccc3c2C)S(=O)(=O)c2ccc(C(=O)[O-])cc2)cc2ccc(Cl)cc21,-0.019587,-0.003511,0.011549,0.008038
CHEMBL3687341,,55,Cc1c(N(Cc2ccc(C(C)(O)C(F)(F)F)c(F)c2)S(=O)(=O)c2ccc(C(=O)O)cc2)ncc2ccccc12,-0.222897,-0.082339,0.152618,0.070279
CHEMBL3687351,,2.1,Cc1c(N(C2CCc3cc(OC(F)(F)F)ccc32)S(=O)(=O)c2ccc(C(=O)O)cc2)ncc2ccccc12,-0.223209,-0.080957,0.152083,0.071126
CHEMBL3687357,,1.2,O=C([O-])c1ccc(S(=O)(=O)N(Cc2ccc(C(F)(F)C3CC3)c(Cl)c2)c2ncc3ccccc3c2C2CC2)cc1,-0.025936,-0.000524,0.01323,0.012706
CHEMBL3687395,,5.9,COC(C)(c1ccc(CN(c2ncc3ccccc3c2C)S(=O)(=O)c2ccc(C(=O)O)cc2)cc1)C(F)(F)C(F)(F)F,-0.219884,-0.082517,0.1512005,0.0686835
CHEMBL3687405,,5,O=C([O-])c1ccc(S(=O)(=O)N(Cc2cc3c(F)cc(F)cc3s2)c2ncc3ccccc3c2C(F)(F)F)cc1,-0.027478,-0.014501,0.0209895,0.0064885
CHEMBL3577906,,234,C[C@H](c1ccc(F)cc1F)N(Cc1cccc(C(=O)O)c1)C(=O)c1cc2ccccn2n1,-0.208041,-0.056744,0.1323925,0.0756485
CHEMBL3965541,,10000,Cn1c(=O)c2c(CC(=O)Nc3nc(-c4cccc(Cl)c4)cs3)cccc2n(C)c1=O,-0.212363,-0.058413,0.135388,0.076975
CHEMBL3687336,,563,Cc1c(N(Cc2ncc(CC3CC3)cn2)S(=O)(=O)c2ccc(C(=O)[O-])cc2)ncc2ccccc12,-0.01973,0.007158,0.006286,0.013444000000000001
CHEMBL3687347,,4.4,Cc1c(N(Cc2cc(F)c3c(c2)CCC3)S(=O)(=O)c2ccc(C(=O)O)cc2)ncc2ccccc12,-0.217105,-0.085204,0.1511545,0.0659505
CHEMBL4237740,,51,C[C@H](NC(=O)N[C@@H](c1ccc(C(F)(F)F)cc1)c1ncccc1C(F)(F)F)C(F)(F)F,-0.243529,-0.058339,0.150934,0.092595
CHEMBL3899728,,5000,NC(=O)[C@@H](c1ccccc1)N(Cc1cccc(C(F)(F)F)c1)C(=O)c1ccccc1,-0.216608,-0.054135,0.1353715,0.0812365
CHEMBL3917717,,240,COc1cccc([C@@H](C)N(C(=O)c2ccccc2)[C@@H](C(N)=O)c2ccccc2)c1,-0.198863,-0.042998,0.12093050000000001,0.0779325
CHEMBL3943602,,1700,COc1cccc(CN(C(=O)c2cccs2)[C@@H](C(N)=O)c2ccccc2)c1,-0.201181,-0.04873,0.1249555,0.0762255
CHEMBL3952818,,100000,COc1cccc(CN(C(=O)c2ccccc2)[C@H](C)C(N)=O)c1,-0.20291,-0.035578,0.119244,0.083666
CHEMBL4446849,,31622.78,O=C(/C=C/c1ccc(C(F)(F)F)cc1)Nc1ccccc1C(=O)O,-0.225965,-0.074801,0.150383,0.075582
CHEMBL4454519,,63095.73,O=C(/C=C/c1ccc(Br)cc1)Nc1ccccc1C(=O)O,-0.239013,-0.077815,0.158414,0.080599
CHEMBL1086310,,30000,CC(C)c1ccc(NC(=O)Cn2cnc3c2c(=O)n(C)c(=O)n3C)cc1,-0.2147,-0.037598,0.126149,0.088551
CHEMBL4533807,,61600,C/C=C(\C)[C@H]1C(C)=C[C@H]2C[C@@H](C)C[C@H]3C(=O)/C(=C\NCCO)C(=O)[C@]1(C)[C@H]23,-0.209843,-0.053343,0.13159300000000002,0.07825
CHEMBL4249999,,35,O=C(N[C@@H](c1ccc(C(F)(F)F)cc1)c1ncccc1C(F)(F)F)c1cccnc1,-0.240471,-0.058114,0.1492925,0.0911785
CHEMBL4247268,,27,N#Cc1ccc(C(=O)N[C@@H](c2ccc(C(F)(F)F)cc2)c2ncccc2C(F)(F)F)cc1,-0.242937,-0.079961,0.161449,0.081488
CHEMBL2443065,,265.8,O=C(Nc1nc(C(F)(F)F)cs1)N1CCC2(CCc3cccc(Cl)c3O2)CC1,-0.225809,-0.03057,0.1281895,0.0976195
CHEMBL3973096,,9100,COc1cc(CN(CC(N)=O)C(=O)c2cccs2)ccc1OCc1ccc(F)cc1,-0.193119,-0.049045,0.12108200000000001,0.072037
CHEMBL4073922,,25000,O=C(NC1(c2ccccc2)CC1)c1c(CN2CCC(N3CCCCC3)CC2)c(-c2cccc(C(F)(F)F)c2)nc2cc(Br)ccc12,-0.198386,-0.087246,0.142816,0.05557
CHEMBL3914798,,10000,Cn1c(=O)c2c(cnn2CC(=O)Nc2nc(-c3cc(Cl)c(OCC(C)(C)C)c(Cl)c3)cs2)n(C)c1=O,-0.214591,-0.050122,0.1323565,0.0822345
CHEMBL4517528,,19952.62,O=C(/C=C/c1ccccc1Cl)Nc1ccccc1C(=O)O,-0.230357,-0.060612,0.14548450000000002,0.0848725
CHEMBL2443075,,22.5,O=C(Nc1ccc(OC(F)(F)F)cc1)N1CCC2(CC1)CC(O)c1cccc(F)c1O2,-0.210102,-0.015334,0.11271800000000001,0.097384
CHEMBL2443074,,44.5,O=C(Nc1ccc(C(F)(F)F)cc1)N1CCC2(CC1)CC(O)c1cccc(Br)c1O2,-0.235577,-0.04345,0.1395135,0.0960635
CHEMBL2443086,,41.1,O=C(Nc1ccc(OC(F)(F)F)cc1)N1CCC2(CCc3cccc(Cl)c3O2)CC1,-0.210176,-0.015471,0.11282350000000001,0.0973525
CHEMBL2443085,,18.9,O=C(Nc1ccc(C(F)(F)F)cc1)N1CCC2(CCc3cccc(Br)c3O2)CC1,-0.23544,-0.038076,0.136758,0.098682
CHEMBL2442037,,1230,CCCN(C(=O)c1ccccc1OCc1ccccc1)[C@@H]1CCC[C@H](N)C1,-0.199671,-0.03044,0.11505549999999999,0.0846155
CHEMBL3235965,,28,O=C(Nc1cccnc1)N1CCc2ccccc2[C@H]1c1ccc(C(F)(F)F)cc1,-0.223765,-0.025754,0.1247595,0.0990055
CHEMBL2032210,,36,O=C(Nc1ccc(F)cc1)N1CCc2ccccc2[C@H]1c1ccc(C(F)(F)F)cc1,-0.20186,-0.032486,0.117173,0.084687
CHEMBL3235980,,79,N#Cc1ccc(NC(=O)N2CCc3cccnc3[C@H]2c2ccc(C(F)(F)F)cc2)cc1,-0.2296,-0.052174,0.14088699999999998,0.088713
CHEMBL3235982,,53,C[C@H](NC(=O)N1CCc2ccccc2[C@H]1c1ccc(C(F)(F)F)nc1)C(F)(F)F,-0.236014,-0.043096,0.139555,0.096459
CHEMBL3235984,,12,C[C@H](NC(=O)N1CCc2cccnc2[C@H]1c1ccc(C(F)(F)F)c(F)c1)C(F)(F)F,-0.234866,-0.036412,0.135639,0.099227
CHEMBL2442015,,96.9,CCN(C(=O)c1ccccc1OCc1cccc(Cl)c1)C1CCCC(N)C1,-0.201525,-0.034141,0.11783300000000001,0.083692
CHEMBL4647444,,12.3,COC(=O)[C@@H]1Cc2c([nH]c3ccccc23)[C@@H](c2ccccc2)N1Cc1ccccc1,-0.181223,-0.013668,0.0974455,0.0837775
CHEMBL3235964,,171,O=C(Nc1ccccn1)N1CCc2ccccc2[C@H]1c1ccc(C(F)(F)F)cc1,-0.218664,-0.028949,0.1238065,0.0948575
CHEMBL3235961,,424,N#Cc1ccccc1NC(=O)N1CCc2ccccc2[C@H]1c1ccc(C(F)(F)F)cc1,-0.232119,-0.046587,0.139353,0.092766
CHEMBL3235979,,24,O=C(Nc1cccnc1)N1CCc2cccnc2[C@H]1c1ccc(C(F)(F)F)cc1,-0.225801,-0.041184,0.13349250000000001,0.0923085
CHEMBL3682559,,30,Cc1c(N(Cc2ccc(OCC3CC3)cc2)S(=O)(=O)c2ccc(C(=O)[O-])cc2)ncc2ccccc12,-0.016088,0.004335,0.0058765,0.010211500000000002
CHEMBL3682599,,57,Cc1c(N(Cc2ccc3c(Cl)cn(C)c3c2)S(=O)(=O)c2ccc(C(=O)O)cc2)ncc2ccccc12,-0.194899,-0.079103,0.13700099999999998,0.057898
CHEMBL2443078,,94,O=C(Nc1ccc(OC(F)(F)F)cc1)N1CCC2(CC1)C[C@H](O)c1cccc(F)c1O2,-0.209151,-0.01153,0.11034050000000001,0.0988105
CHEMBL2443084,,48.5,O=C(Nc1ccc(C(F)(F)F)cc1)N1CCC2(CCc3cccc(Cl)c3O2)CC1,-0.21761,-0.015773,0.1166915,0.1009185
CHEMBL3235976,,14,O=C(Nc1ccc(F)cc1)N1CCc2cccnc2[C@H]1c1ccc(C(F)(F)F)cc1,-0.212358,-0.036849,0.12460349999999999,0.0877545
CHEMBL3353572,,61,O=C(O)c1ccc(S(=O)(=O)N(Cc2ccccc2)c2ncc(C(F)(F)F)cc2Cl)cc1,-0.241021,-0.087448,0.1642345,0.0767865
CHEMBL3353588,,762,O=C(O)c1ccc(S(=O)(=O)N(CCc2ccccc2)c2ncc(C(F)(F)F)cc2Cl)cc1,-0.241292,-0.0896,0.165446,0.075846
CHEMBL3353598,,40,O=C(O)c1ccc(S(=O)(=O)N(Cc2ccc(F)cc2)c2ncc(C(F)(F)F)cc2Cl)cc1,-0.239829,-0.089562,0.1646955,0.0751335
CHEMBL3353603,,67,N#CC1(c2ccc(CN(c3ncc(C(F)(F)F)cc3Cl)S(=O)(=O)c3ccc(C(=O)O)cc3)cc2)CC1,-0.250346,-0.092259,0.1713025,0.0790435
CHEMBL3682548,,93,Cc1c(N(Cc2ccccc2)S(=O)(=O)c2ccc(C(=O)[O-])cc2)ncc2ccccc12,-0.023468,0.002895,0.0102865,0.013181499999999999
CHEMBL3682550,,4.6,Cc1c(N(Cc2ccc(CC3CC3)cc2)S(=O)(=O)c2ccc(C(=O)O)cc2)ncc2ccccc12,-0.219908,-0.078439,0.1491735,0.0707345
CHEMBL3687384,,116,Cc1c(N(Cc2ccc(OC(F)(F)F)cc2)S(=O)(=O)c2ccc(C(=O)O)cc2)nc(-c2cccnc2)c2ccccc12,-0.2215,-0.08252,0.15201,0.06949
CHEMBL3687393,,1.6,COC(C)(c1ccc(CN(c2ncc3ccccc3c2C)S(=O)(=O)c2ccc(C(=O)O)cc2)cc1Cl)C(F)(F)F,-0.223501,-0.081185,0.152343,0.071158
CHEMBL3687396,,2.8,Cc1c(N(Cc2ccc(OC(F)(F)F)cc2)S(=O)(=O)c2ccc(C(=O)O)cc2)nc(C(C)C)c2ccccc12,-0.218857,-0.086255,0.152556,0.066301
CHEMBL8165,,12400,COc1ccc2[nH]cc(CCN)c2c1,-0.182447,0.00073,0.0908585,0.0915885
CHEMBL460302,,8930,NCCc1c[nH]c2c(OCc3ccccc3)cccc12,-0.173413,-0.010065,0.091739,0.081674
CHEMBL4164465,,10000,N#Cc1ccc(O[C@H]2CN(S(=O)(=O)c3ccc(Cl)cc3Cl)C[C@@]2(O)CO)cc1F,-0.237665,-0.07687,0.1572675,0.0803975
CHEMBL1173240,,44000,Cc1nc(Nc2cccc3c2C[C@H](O)CC3)oc1-c1ccc(C(F)(F)F)cc1,-0.186179,-0.035874,0.1110265,0.0751525
CHEMBL2442030,,593,N[C@H]1CCC[C@@H](N(CC2CC2)C(=O)c2ccccc2OCc2ccccc2)C1,-0.205712,-0.028654,0.11718300000000001,0.088529
CHEMBL3299022,,4400,FC(F)(F)c1ccccc1-c1cc2cn[nH]c2cc1OCC1CC1,-0.198808,-0.021658,0.11023300000000001,0.088575
CHEMBL3353584,,736,Cc1cc(C(F)(F)F)cnc1N(Cc1ccccc1)S(=O)(=O)c1ccc(C(=O)O)cc1,-0.234417,-0.092654,0.1635355,0.0708815
CHEMBL3353578,,9859,O=C(O)c1ccc(S(=O)(=O)N(Cc2ccccc2)c2ncccc2Cl)cc1,-0.233068,-0.087088,0.160078,0.07299
CHEMBL3682616,,12,Cc1c(N(Cc2ccccc2)S(=O)(=O)c2ccc(C(=O)O)cc2)nc(C2CC2)c2ccccc12,-0.217812,-0.078341,0.1480765,0.0697355
CHEMBL3687337,,21,Cc1c(N(Cc2cc3c(Cl)cccc3n2C)S(=O)(=O)c2ccc(C(=O)[O-])cc2)ncc2ccccc12,-0.012884,-0.004017,0.0084505,0.0044335
CHEMBL3687359,,155,Cc1nc2cc(CN(c3ncc4ccccc4c3C)S(=O)(=O)c3ccc(C(=O)O)cc3)ccc2s1,-0.208988,-0.082633,0.1458105,0.0631775
CHEMBL3897132,,10000,Cn1c(=O)c2c(CC(=O)Nc3nc(-c4ccc(C(F)(F)F)cc4F)cs3)cccc2n(C)c1=O,-0.213013,-0.058399,0.135706,0.077307
CHEMBL4251467,,10,O=C(O)c1ccc(C(=O)N[C@@H](c2ccc(C(F)(F)F)cc2)c2ncccc2C(F)(F)F)nc1,-0.24573,-0.0881,0.166915,0.078815
CHEMBL4242403,,157,O=C(N[C@@H](c1cccc(C(F)(F)F)c1)c1ncccc1C(F)(F)F)c1ccc2cccnc2c1,-0.228135,-0.069065,0.1486,0.079535
CHEMBL4246078,,389,O=C(N[C@@H](c1ccccc1)c1ncccc1C(F)(F)F)c1ccc2cccnc2c1,-0.21439,-0.064795,0.1395925,0.0747975
CHEMBL3353592,,27,O=C(O)c1ccc(S(=O)(=O)N(Cc2ccccc2C(F)(F)F)c2ncc(C(F)(F)F)cc2Cl)cc1,-0.258275,-0.088609,0.17344199999999999,0.084833
CHEMBL3235970,,52,C[C@@H](NC(=O)N1CCc2ccccc2[C@H]1c1ccc(C(F)(F)F)cc1)C(F)(F)F,-0.227289,-0.025068,0.1261785,0.10111049999999999
CHEMBL3577887,,6166,C[C@H](c1ccc(F)cc1)N(Cc1cccc(C(=O)O)c1)C(=O)c1ccc(Oc2ccccc2)cc1,-0.217108,-0.049528,0.133318,0.08379
CHEMBL3577882,,951,C[C@H](c1ccc(F)cc1)N(Cc1cccc(C(=O)O)c1)C(=O)c1cc2cc[nH]c2cn1,-0.200047,-0.055181,0.127614,0.072433
CHEMBL2442036,,3150,CN(C(=O)c1ccccc1OCc1ccccc1)[C@@H]1CCC[C@H](N)C1,-0.197104,-0.032839,0.1149715,0.0821325
CHEMBL3682547,,12,Cc1cc2ccccc2nc1N(Cc1ccc(F)c(C(F)(F)F)c1)S(=O)(=O)c1ccc(C(=O)O)cc1,-0.229174,-0.089441,0.1593075,0.0698665
CHEMBL3577901,,6104,COc1ccc(C(C)N(Cc2cccc(C(=O)O)c2)C(=O)c2cnc3ccccc3c2)cc1,-0.215746,-0.072158,0.143952,0.071794
CHEMBL3577883,,145,C[C@H](c1ccc(F)cc1)N(Cc1cccc(C(=O)O)c1)C(=O)c1cc2ccccc2s1,-0.216929,-0.071025,0.14397700000000002,0.072952
CHEMBL3235981,,25,C[C@H](NC(=O)N1CCc2cccnc2[C@H]1c1ccc(C(F)(F)F)cc1)C(F)(F)F,-0.23113,-0.034838,0.132984,0.098146
CHEMBL3298922,,17100,FC(F)(F)c1ccccc1-c1cc2cn[nH]c2cc1Cl,-0.219453,-0.037649,0.128551,0.090902
CHEMBL2443071,,107.3,O=C1CC2(CCN(C(=O)Nc3ccc(OC(F)(F)F)cc3)CC2)Oc2c(Br)cccc21,-0.226287,-0.089477,0.157882,0.068405
CHEMBL1813048,,20000,CC(=O)Nc1cccc(Nc2ncnc(N3CCC(OCc4ccc(OC(F)(F)F)cc4)CC3)n2)c1C,-0.204169,-0.025675,0.114922,0.089247
CHEMBL3235960,,1383,O=C(O)c1ccc(NC(=O)N2CCc3ccccc3[C@H]2c2ccc(C(F)(F)F)cc2)cc1,-0.228331,-0.050576,0.1394535,0.0888775
CHEMBL3889978,,420,C[C@H](c1cccc(Cl)c1)N(C(=O)c1ccccc1N)[C@@H](C(N)=O)c1ccccc1,-0.203994,-0.033778,0.118886,0.085108
CHEMBL3353571,,406,O=C(O)c1cccc(S(=O)(=O)N(Cc2ccccc2)c2ncc(C(F)(F)F)cc2Cl)c1,-0.23071,-0.075223,0.1529665,0.0777435
CHEMBL3353597,,8.3,O=C(O)c1ccc(S(=O)(=O)N(Cc2ccc(OC(F)(F)F)cc2)c2ncc(C(F)(F)F)cc2Cl)cc1,-0.240152,-0.095079,0.1676155,0.0725365
CHEMBL3298242,,9000,FC(F)(F)c1ccccc1-c1ccc2[nH]ncc2c1,-0.211744,-0.028547,0.12014549999999999,0.0915985
CHEMBL2443063,,16.6,O=C(Nc1ccc(OC(F)(F)F)cc1)N1CCC2(CC1)C[C@@H](O)c1cccc(Br)c1O2,-0.222837,-0.038434,0.13063550000000002,0.0922015
CHEMBL2443061,,8.9,O=C(Nc1ccc(OC(F)(F)F)cc1)N1CCC2(CC1)C[C@@H](O)c1cccc(Cl)c1O2,-0.205867,-0.018628,0.1122475,0.0936195
CHEMBL2443076,,13.3,O=C(Nc1ccc(OC(F)(F)F)cc1)N1CCC2(CC1)CC(O)c1cccc(Cl)c1O2,-0.211325,-0.022368,0.1168465,0.0944785
CHEMBL2442022,,76.2,CCN(C(=O)c1ccccc1OCc1ccccc1)[C@@H]1CCC[C@H](N)C1,-0.200333,-0.028257,0.11429500000000001,0.086038
CHEMBL3934736,,900,COc1cccc(CN(C(=O)c2ccccc2)[C@@H](C(N)=O)c2ccccc2)c1,-0.214392,-0.037901,0.1261465,0.0882455
CHEMBL3908930,,54000,COc1cccc(CN(C(=O)c2cccs2)[C@H](C(N)=O)c2ccccc2)c1,-0.199533,-0.04481,0.12217149999999999,0.0773615
CHEMBL3927831,,8100,NC(=O)[C@@H](c1ccccc1)N(Cc1cccc(F)c1)C(=O)c1ccccc1,-0.218723,-0.032144,0.1254335,0.0932895
CHEMBL3353581,,707,Cc1cnc(N(Cc2ccccc2)S(=O)(=O)c2ccc(C(=O)O)cc2)c(Cl)c1,-0.236905,-0.077098,0.15700150000000002,0.0799035
CHEMBL3353570,,15974,O=C(O)c1ccccc1S(=O)(=O)N(Cc1ccccc1)c1ncc(C(F)(F)F)cc1Cl,-0.237452,-0.074916,0.156184,0.081268
CHEMBL3352829,,8419,O=C(O)c1ccc(S(=O)(=O)N(Cc2ccccn2)c2ncc(C(F)(F)F)cc2Cl)cc1,-0.243886,-0.087293,0.1655895,0.0782965
CHEMBL3353594,,8.9,O=C(O)c1ccc(S(=O)(=O)N(Cc2ccc(C(F)(F)F)cc2)c2ncc(C(F)(F)F)cc2Cl)cc1,-0.25011,-0.093713,0.1719115,0.0781985
CHEMBL2443087,,543.7,N#Cc1ccc(NC(=O)N2CCC3(CCc4cccc(Cl)c4O3)CC2)cc1,-0.226992,-0.040968,0.13398,0.093012
CHEMBL2443083,,97.3,O=C(Nc1ccc(C(F)(F)F)cc1)N1CCC2(CCc3cccc(F)c3O2)CC1,-0.221246,-0.022529,0.1218875,0.0993585
CHEMBL2443080,,2423,O=C(Nc1ccccc1)N1CCC2(CCc3ccccc3O2)CC1,-0.211014,-0.003938,0.107476,0.103538
CHEMBL3897350,,3000,NC(=O)[C@@H](c1ccccc1)N(Cc1cccc(Cl)c1)C(=O)c1ccccc1,-0.207106,-0.059091,0.1330985,0.0740075
CHEMBL3970879,,4700,NC(=O)[C@@H](c1ccccc1)N(Cc1cccc(OC(F)(F)F)c1)C(=O)c1ccccc1,-0.217729,-0.057608,0.1376685,0.0800605
CHEMBL3908765,,5600,NC(=O)[C@@H](c1ccccc1)N(Cc1ccccc1Cl)C(=O)c1ccccc1,-0.214628,-0.046481,0.13055450000000002,0.0840735
CHEMBL3979103,,28000,NC(=O)[C@@H](c1ccccc1)N(Cc1ccc(Cl)cc1)C(=O)c1ccccc1,-0.223454,-0.044535,0.13399450000000002,0.0894595
CHEMBL3918002,,4100,C[C@H](c1cccc(Cl)c1)N(C(=O)c1ccccc1)[C@@H](C(N)=O)c1cccnc1,-0.224725,-0.061978,0.1433515,0.0813735
CHEMBL3898903,,2500,C[C@H](c1cccc(Cl)c1)N(C(=O)c1cccnc1)[C@@H](C(N)=O)c1ccccc1,-0.217317,-0.069426,0.1433715,0.0739455
CHEMBL3916922,,850,Cc1ccc(C(=O)N([C@H](C)c2cccc(Cl)c2)[C@@H](C(N)=O)c2ccccc2)cc1,-0.221766,-0.049702,0.135734,0.086032
CHEMBL3353600,,0.96,CC(C)(C)c1ccc(CN(c2ncc(C(F)(F)F)cc2Cl)S(=O)(=O)c2ccc(C(=O)O)cc2)cc1,-0.231383,-0.088971,0.160177,0.071206
CHEMBL2442011,,493,CCN(C(=O)c1ccccc1OCc1cccc(C#N)c1)C1CCCC(N)C1,-0.191007,-0.053421,0.122214,0.068793
CHEMBL2442020,,291,CCN(C(=O)c1ccccc1OCc1ccccc1C)[C@H]1CCC[C@@H](N)C1,-0.208406,-0.024742,0.11657400000000001,0.091832
CHEMBL2442031,,8780,CC(C)N(C(=O)c1ccccc1OCc1ccccc1)[C@@H]1CCC[C@H](N)C1,-0.190333,-0.040067,0.1152,0.075133
CHEMBL3218118,,9580,N#Cc1ccc(OCC2(O)CN(S(=O)(=O)c3ccc(Cl)cc3Cl)C2)cc1F,-0.256889,-0.063924,0.16040649999999998,0.0964825
CHEMBL4248352,,10000,O=C(N[C@@H](c1ccccn1)c1ncccc1C(F)(F)F)c1ccc2cccnc2c1,-0.229304,-0.067415,0.1483595,0.0809445
CHEMBL4245270,,301,O=C(N[C@H](c1ncccc1C(F)(F)F)C1CCCCC1)c1ccc2cccnc2c1,-0.225079,-0.065692,0.1453855,0.0796935
CHEMBL4242867,,22,O=C(N[C@@H](c1ccc(OC(F)(F)F)cc1)c1ncccc1C(F)(F)F)c1ccc2cccnc2c1,-0.227989,-0.068864,0.1484265,0.0795625
CHEMBL4439190,,30000,N#Cc1ccc(S(=O)(=O)N2C[C@H](S(=O)(=O)c3ccc(Cl)cc3)[C@](O)(CO)C2)c(Cl)c1,-0.262819,-0.101661,0.18224,0.080579
CHEMBL3218114,,4800,N#Cc1ccc(OCC2(O)CCN(S(=O)(=O)c3ccc(Cl)cc3Cl)CC2)cc1,-0.240307,-0.067215,0.15376099999999998,0.086546
CHEMBL3353610,,6.2,Cc1c(N(Cc2ccc(C(F)(F)F)c(F)c2)S(=O)(=O)c2ccc(C(=O)O)cc2)sc2ccccc12,-0.212863,-0.090769,0.151816,0.061047
CHEMBL5281065,,7700,CCOC(=O)c1sc(-c2ccccc2)nc1NC(=O)C(F)(F)F,-0.229384,-0.081734,0.155559,0.073825
CHEMBL5271247,,60,CCn1nnc(-c2sc(-c3ccccc3C)nc2O)n1,-0.207112,-0.052745,0.1299285,0.0771835
CHEMBL5280621,,2790,CCn1nnc(-c2sc(-c3ccccc3OC)nc2O)n1,-0.196922,-0.052897,0.1249095,0.0720125
CHEMBL5290167,,245,CCn1nnc(-c2sc(-c3cccc(OC)c3)nc2O)n1,-0.203983,-0.05778,0.13088149999999998,0.0731015
CHEMBL2442010,,6780,CCN(C(=O)c1ccccc1OCc1ccc(C#N)cc1)C1CCCC(N)C1,-0.205426,-0.062337,0.1338815,0.0715445
CHEMBL2442017,,29.9,CCN(C(=O)c1ccccc1OCc1ccccc1Cl)[C@@H]1CCC[C@H](N)C1,-0.202133,-0.035824,0.1189785,0.0831545
CHEMBL5285498,,131,COC(=O)c1sc(-c2ccccc2)nc1O,-0.221546,-0.071642,0.146594,0.074952
CHEMBL5277086,,100000,CCNC(=O)c1sc(-c2ccccc2)nc1O,-0.214262,-0.065598,0.13993,0.074332
CHEMBL5274340,,1020,CCn1nnc(-c2sc(-c3cccc(NC)c3)nc2O)n1,-0.187236,-0.052229,0.1197325,0.0675035
CHEMBL5270507,,21.4,CCn1nnc(-c2sc(-c3cccc(F)c3)nc2O)n1,-0.208603,-0.063496,0.1360495,0.0725535
CHEMBL5285661,,12,O=C(c1sc(-c2cccc(F)c2)nc1O)N1CCCO1,-0.211244,-0.06471,0.137977,0.073267
CHEMBL5286892,,5.5,O=C(c1sc(-c2ccccc2O)nc1O)N1CCCO1,-0.207576,-0.060389,0.1339825,0.0735935
CHEMBL4777635,,2000,Cc1c(F)cc(F)cc1[C@@H](C)N(C(=O)c1ccccc1)[C@@H](C(N)=O)c1ccccc1,-0.225002,-0.031427,0.1282145,0.0967875
CHEMBL5181908,,7450,CC(C)c1cccc(NC(=O)N2CCC[C@H]2c2ncc(-c3ccccc3)s2)c1,-0.204139,-0.049014,0.12657649999999998,0.0775625
CHEMBL4251427,,6,O=C(N[C@@H](c1ccc(C(F)(F)F)cc1)c1ncccc1C(F)(F)F)c1ccc(=O)[nH]c1,-0.219654,-0.062372,0.141013,0.078641
CHEMBL4245257,,18,O=C(N[C@@H](c1ccc(C(F)(F)F)cc1)c1ncccc1C(F)(F)F)c1ccc2cccnc2c1,-0.230485,-0.071975,0.15123,0.079255
CHEMBL5275778,,340,NCCc1c[nH]c2ccc(Oc3ccccc3)cc12,-0.181208,-0.000948,0.091078,0.09013
CHEMBL4244629,,59,C[C@H](NC(=O)N[C@@H](c1ccc(C(F)(F)F)cc1)c1ncccc1Br)C(F)(F)F,-0.254507,-0.05932,0.15691349999999998,0.0975935
CHEMBL3353586,,2983,O=C(O)c1ccc(S(=O)(=O)N(Cc2ccccc2)c2ccc(C(F)(F)F)cn2)cc1,-0.241246,-0.092559,0.1669025,0.0743435
CHEMBL3353573,,42,O=S(=O)(c1ccc(CO)cc1)N(Cc1ccccc1)c1ncc(C(F)(F)F)cc1Cl,-0.232069,-0.07053,0.1512995,0.0807695
CHEMBL3353569,,183,O=S(=O)(c1ccccc1)N(Cc1ccccc1)c1ncc(C(F)(F)F)cc1Cl,-0.238339,-0.06846,0.1533995,0.0849395
CHEMBL5276487,,5500,O=C(c1sc(-c2cccc(F)c2)nc1O)N1CCOC1,-0.222242,-0.073661,0.1479515,0.0742905
CHEMBL3902066,,10000,Cn1c(=O)c2c(CC(=O)Nc3nc(-c4ccc(C(F)(F)F)cc4)cs3)cccc2n(C)c1=O,-0.211478,-0.065953,0.1387155,0.0727625
CHEMBL3920880,,10000,Cn1c(=O)c2c(CC(=O)Nc3nc(-c4ccc(C(F)(F)F)c(F)c4)cs3)coc2n(C)c1=O,-0.215751,-0.047009,0.13138,0.084371
CHEMBL3913924,,10000,Cn1c(=O)c2c(CC(=O)Nc3nc(-c4ccc(C(F)(F)F)cc4F)cs3)nsc2n(C)c1=O,-0.214469,-0.051372,0.1329205,0.0815485
CHEMBL3944172,,10000,Cn1c(=O)c2c(CC(=O)Nc3nc(-c4cccc(C(F)(F)F)c4F)cs3)nsc2n(C)c1=O,-0.214012,-0.055857,0.1349345,0.0790775
CHEMBL3947801,,10000,Cn1c(=O)c2c(CC(=O)Nc3nc(-c4ccc(OC(F)(F)F)c(F)c4)cs3)ccnc2n(C)c1=O,-0.217006,-0.076057,0.1465315,0.0704745
CHEMBL4762495,,110,NC(=O)[C@@H](c1ccccc1)N(C(=O)c1cccnc1)[C@@H]1CCc2c(F)cc(Cl)cc21,-0.227801,-0.058131,0.142966,0.084835
CHEMBL5280897,,299,CC(C)C(=O)c1sc(-c2cccc(F)c2)nc1O,-0.225887,-0.078224,0.1520555,0.0738315
CHEMBL5282082,,26,Cc1c(N(Cc2ccc(F)c(C(F)(F)F)c2)S(=O)(=O)N2CCC(C(=O)O)CC2)sc2ccccc12,-0.205921,-0.049331,0.127626,0.078295
CHEMBL3924146,,10000,CN1C(=O)c2c(ncn2CC(=O)Nc2nc(-c3ccc(Br)cc3)cs2)N2CCN=C12,-0.208449,-0.060292,0.1343705,0.0740785
CHEMBL3981620,,10000,CC(C)COc1ccc(-c2csc(NC(=O)Cc3cccc4c3c(=O)n(C)c(=O)n4C)n2)cc1,-0.188623,-0.061371,0.12499700000000001,0.063626
CHEMBL3974013,,10000,Cc1oc2c(c1CC(=O)Nc1nc(-c3cc(F)c(OCC(F)(F)F)c(F)c3)cs1)c(=O)n(C)c(=O)n2C,-0.205335,-0.041896,0.12361549999999999,0.0817195
CHEMBL3927494,,10000,Cc1oc2c(c1CC(=O)Nc1nc(-c3ccc(Cl)c(C(F)(F)F)c3)cs1)c(=O)n(C)c(=O)n2C,-0.211832,-0.044855,0.1283435,0.0834885
CHEMBL3908909,,10000,CC(C)COc1c(F)cc(-c2csc(NC(=O)Cc3coc4c3c(=O)n(C)c(=O)n4C)n2)cc1F,-0.197468,-0.035065,0.1162665,0.0812015
CHEMBL5281532,,96,CON(C)C(=O)c1sc(-c2cccc(F)c2)nc1O,-0.22029,-0.073901,0.1470955,0.0731945
CHEMBL3981569,,19000,COc1cccc(CN(C(=O)Cc2ccccc2)[C@@H](C(N)=O)c2ccccc2)c1,-0.220128,-0.021307,0.12071749999999999,0.0994105
CHEMBL3892508,,37000,COc1cccc(CN(C(=O)c2cccs2)[C@H](Cc2ccccc2)C(N)=O)c1,-0.210399,-0.064549,0.13747399999999999,0.072925
CHEMBL2387541,,20,CCCc1cc(O)c2c(c1)OC(C)(C)[C@@H]1CCC(C)=C[C@@H]21,-0.198536,0.01491,0.091813,0.106723
CHEMBL497318,,160,CCCCCc1cc(O)c(C/C=C(\C)CCC=C(C)C)c(O)c1,-0.201762,0.01756,0.092101,0.109661
CHEMBL2443077,,19.5,O=C(Nc1ccc(OC(F)(F)F)cc1)N1CCC2(CC1)CC(O)c1cccc(Br)c1O2,-0.226202,-0.036809,0.1315055,0.0946965
CHEMBL2443073,,65.9,O=C(Nc1ccc(C(F)(F)F)cc1)N1CCC2(CC1)CC(O)c1cccc(Cl)c1O2,-0.217018,-0.020513,0.1187655,0.0982525
CHEMBL2443081,,280.7,O=C(Nc1ccc(C(F)(F)F)cc1)N1CCC2(CCc3ccccc3O2)CC1,-0.216239,-0.022258,0.1192485,0.0969905
CHEMBL3682572,,67,Cc1c(N(Cc2ccc(-c3ccccc3)cn2)S(=O)(=O)c2ccc(C(=O)O)cc2)ncc2ccccc12,-0.217462,-0.083997,0.1507295,0.0667325
CHEMBL3682588,,115,O=C(O)c1ccc(S(=O)(=O)N(Cc2ccc(OC(F)(F)F)cc2)c2cc3c(Cl)cccc3cn2)cc1,-0.220335,-0.08924,0.1547875,0.0655475
CHEMBL3682613,,31,Cc1cccc2c(C)c(N(Cc3ccc(OC(F)(F)F)cc3)S(=O)(=O)c3ccc(C(=O)O)cc3)ncc12,-0.216868,-0.089799,0.1533335,0.0635345
CHEMBL3976638,,10000,Cn1c(=O)c2c(ccn2CC(=O)Nc2nc(-c3cc(Cl)c(OCCC(F)(F)F)c(Cl)c3)cs2)n(C)c1=O,-0.215371,-0.050018,0.1326945,0.0826765
CHEMBL3577904,,60,C[C@H](c1ccc(F)cc1F)N(Cc1cccc(C(=O)O)c1)C(=O)c1cc2ccccc2cn1,-0.213891,-0.068707,0.141299,0.072592
CHEMBL3577900,,202,CC[C@H](c1ccc(F)cc1)N(Cc1cccc(C(=O)O)c1)C(=O)c1cnc2ccccc2c1,-0.213689,-0.070974,0.1423315,0.0713575
CHEMBL3577899,,10000,CC(C)(c1ccc(F)cc1)N(Cc1cccc(C(=O)O)c1)C(=O)c1cnc2ccccc2c1,-0.212491,-0.07789,0.1451905,0.0673005
CHEMBL3577893,,446,C[C@H](c1ccc(F)cc1)N(Cc1cc(C(=O)O)ccc1F)C(=O)c1cnc2ccccc2c1,-0.209835,-0.079974,0.1449045,0.0649305
CHEMBL2387742,,900,C=C(C)[C@@H]1CCC(C)=C[C@H]1c1c(O)cc(CCC)cc1O,-0.198795,0.014707,0.092044,0.106751
CHEMBL2443067,,295.2,O=C1CC2(CCN(C(=O)Nc3ccc(C(F)(F)F)cc3)CC2)Oc2c(F)cccc21,-0.228038,-0.073498,0.15076799999999999,0.07727
CHEMBL2443062,,60,O=C(Nc1ccc(OC(F)(F)F)cc1)N1CCC2(CC1)C[C@H](O)c1cccc(Br)c1O2,-0.227149,-0.039215,0.133182,0.093967
CHEMBL3353583,,213,O=C(O)c1ccc(S(=O)(=O)N(Cc2ccccc2)c2ncc(C(F)(F)F)cc2F)cc1,-0.249719,-0.08897,0.1693445,0.0803745
CHEMBL4247089,,129,O=C(N[C@@H](c1ccc(F)cc1)c1ncccc1C(F)(F)F)c1ccc2cccnc2c1,-0.225005,-0.068922,0.1469635,0.0780415
CHEMBL2443072,,90.1,O=C(Nc1ccc(C(F)(F)F)cc1)N1CCC2(CC1)CC(O)c1cccc(F)c1O2,-0.220976,-0.025044,0.12301000000000001,0.097966
CHEMBL375696,,150,CCCCC/C=C/C/C=C\C/C=C/C/C=C/CCCC(=O)NCCO,-0.225549,0.009563,0.107993,0.117556
CHEMBL3968210,,10000,Cn1c(=O)c2c(CC(=O)Nc3nc(-c4ccc(C5CCCCC5)cc4)cs3)cccc2n(C)c1=O,-0.193825,-0.060438,0.1271315,0.0666935
CHEMBL3904057,,10000,Cn1c(=O)c2c(CC(=O)Nc3nc(-c4ccc(OC(F)F)c(Cl)c4)cs3)cccc2n(C)c1=O,-0.212459,-0.060816,0.1366375,0.0758215
CHEMBL3945471,,10000,Cn1c(=O)c2c(CC(=O)Nc3nc(-c4ccc(C(F)(F)F)c(F)c4F)cs3)nsc2n(C)c1=O,-0.219243,-0.053837,0.13654,0.082703
CHEMBL2442034,,2010,N[C@H]1CCC[C@@H](N(C(=O)c2ccccc2OCc2ccccc2)C2CC2)C1,-0.203242,-0.018965,0.11110350000000001,0.0921385
CHEMBL3682566,,4.7,Cc1c(N(Cc2ccc3c(c2)CCCC3)S(=O)(=O)c2ccc(C(=O)O)cc2)ncc2ccccc12,-0.213019,-0.086146,0.1495825,0.0634365
CHEMBL3682564,,26,Cc1c(N(Cc2ccc(OCC3CC3)c(F)c2)S(=O)(=O)c2ccc(C(=O)[O-])cc2)ncc2ccccc12,-0.017744,0.001995,0.0078745,0.0098695
CHEMBL3687368,,4.6,Cc1c(N(Cc2sc3ccccc3c2Cl)S(=O)(=O)c2ccc(C(=O)O)cc2)ncc2ccccc12,-0.210322,-0.079602,0.144962,0.06536
CHEMBL3687369,,11,Cc1c(N(Cc2cc3ccc(Cl)cc3s2)S(=O)(=O)c2ccc(C(=O)O)cc2)ncc2ccccc12,-0.205793,-0.091679,0.148736,0.057057000000000004
CHEMBL3687380,,1,Cc1c(N(Cc2ccc(C(F)(F)C3(C)CC3)cc2)S(=O)(=O)c2ccc(C(=O)O)cc2)ncc2ccccc12,-0.220102,-0.089723,0.1549125,0.0651895
CHEMBL3687399,,7.2,CCOc1nc(N(Cc2ccc(OC(F)(F)F)cc2)S(=O)(=O)c2ccc(C(=O)O)cc2)c(C)c2ccccc12,-0.210964,-0.086809,0.1488865,0.0620775
CHEMBL3353576,,67,CN(C)C(=O)c1ccc(S(=O)(=O)N(Cc2ccccc2)c2ncc(C(F)(F)F)cc2Cl)cc1,-0.234858,-0.073353,0.1541055,0.0807525
CHEMBL3353605,,46,CCn1ncc2cc(CN(c3ncc(C(F)(F)F)cc3Cl)S(=O)(=O)c3ccc(C(=O)O)cc3)ccc21,-0.196527,-0.086247,0.141387,0.05514
CHEMBL5287633,,0.05,COc1cc(CN(CCN)C(=O)NC(C)c2ccccc2)ccc1OCc1ccccc1,-0.190931,-0.004746,0.0978385,0.0930925
CHEMBL5282846,,1370,CCn1nnc(-c2sc(-c3cccnc3)nc2O)n1,-0.211495,-0.066284,0.1388895,0.0726055
CHEMBL3687407,,522,Cc1c(N(Cc2ccc3[nH]cc(Cl)c3c2)S(=O)(=O)c2ccc(C(=O)O)cc2)ncc2ccccc12,-0.204446,-0.074431,0.1394385,0.0650075
CHEMBL3914637,,10000,CC(C)c1ccc(-c2csc(NC(=O)Cc3cccc4c3c(=O)n(C)c(=O)n4C)n2)cc1,-0.19531,-0.060317,0.1278135,0.0674965
CHEMBL3964272,,10000,Cn1c(=O)c2c(CC(=O)Nc3nc(-c4ccc(OC(F)(F)F)c(F)c4)cs3)cccc2n(C)c1=O,-0.205249,-0.063257,0.13425299999999998,0.070996
CHEMBL3976217,,10000,Cn1c(=O)c2c(CC(=O)Nc3nc(-c4cccc(C(F)(F)F)c4F)cs3)coc2n(C)c1=O,-0.215995,-0.040729,0.128362,0.087633
CHEMBL3682584,,4.7,COC(C)(c1ccc(CN(c2ncc3ccccc3c2C)S(=O)(=O)c2ccc(C(=O)O)cc2)cc1)C(F)(F)F,-0.216958,-0.083408,0.150183,0.066775
CHEMBL3687388,,239,O=C(O)c1ccc(S(=O)(=O)N(Cc2ccc(OC(F)(F)F)cc2)c2cc3c(C4CC4)cccc3cn2)cc1,-0.222657,-0.081455,0.152056,0.070601
CHEMBL3687400,,44,COc1nc(N(Cc2ccc(OC(F)(F)F)cc2)S(=O)(=O)c2ccc(C(=O)O)cc2)c(C)c2cccc(C)c12,-0.20428,-0.082609,0.1434445,0.060835499999999994
CHEMBL3687411,,18,CCONC(=O)c1ccc(S(=O)(=O)N(Cc2ccc(OC(F)(F)F)cc2)c2ncc3ccccc3c2C)cc1,-0.226064,-0.071099,0.14858149999999998,0.0774825
CHEMBL5290716,,24,CCn1nnc(-c2sc(-c3ccccc3O)nc2O)n1,-0.208273,-0.053215,0.130744,0.077529
CHEMBL5268891,,239,CCn1nnc(-c2sc(-c3cccc(O)c3)nc2O)n1,-0.205226,-0.058449,0.1318375,0.0733885
CHEMBL5271941,,80,CCOC(=O)c1sc(-c2ccc(F)cc2)nc1O,-0.222943,-0.073603,0.148273,0.07467
CHEMBL3910516,,59000,COc1cccc(CN(C(=O)c2ccccc2)C(C(=O)O)c2ccccc2)c1,-0.207034,-0.058215,0.1326245,0.0744095
CHEMBL3900408,,11000,NC(=O)[C@@H](c1ccccc1)N(Cc1ccccc1)C(=O)c1ccccc1,-0.203831,-0.051695,0.12776300000000002,0.076068
CHEMBL4248077,,10,O=C(N[C@@H](c1ccc(C(F)(F)F)cc1)c1ncccc1F)c1ccc(=O)[nH]c1,-0.215553,-0.057429,0.136491,0.079062
CHEMBL4242496,,20000,Cc1ccccc1[C@H](NC(=O)c1ccc2cccnc2c1)c1ncccc1C(F)(F)F,-0.216724,-0.067262,0.141993,0.074731
CHEMBL4446136,,39810.72,COc1ccccc1/C=C/C(=O)Nc1ccccc1C(=O)O,-0.217571,-0.058136,0.1378535,0.0797175
CHEMBL4458679,,27000,C/C(=C\c1ccccc1)C(=O)Nc1ccccc1C(=O)O,-0.223487,-0.052239,0.13786299999999999,0.085624
CHEMBL3353589,,49,O=C(O)c1ccc(S(=O)(=O)N(CCCc2ccccc2)c2ncc(C(F)(F)F)cc2Cl)cc1,-0.235884,-0.089597,0.1627405,0.0731435
CHEMBL3353574,,70,NC(=O)c1ccc(S(=O)(=O)N(Cc2ccccc2)c2ncc(C(F)(F)F)cc2Cl)cc1,-0.240876,-0.076997,0.1589365,0.0819395
CHEMBL3353607,,18,O=C(O)c1ccc(S(=O)(=O)N(Cc2ccc3ccoc3c2)c2ncc(C(F)(F)F)cc2Cl)cc1,-0.218854,-0.081931,0.15039249999999998,0.0684615
CHEMBL3577895,,1613,C[C@H](c1ccc(F)cc1)N(Cc1cccc(-c2nn[nH]n2)c1)C(=O)c1cnc2ccccc2c1,-0.21906,-0.058652,0.138856,0.080204
CHEMBL3577905,,123,CC[C@H](c1ccc(F)cc1F)N(Cc1cccc(C(=O)O)c1)C(=O)c1cc2ccccn2n1,-0.213299,-0.054446,0.1338725,0.0794265
CHEMBL3577894,,3249,C[C@H](c1ccc(F)cc1)N(Cc1cccc(CC(=O)O)c1)C(=O)c1cnc2ccccc2c1,-0.2164,-0.064604,0.14050200000000002,0.075898
CHEMBL3577889,,90,C[C@H](c1ccc(F)cc1)N(Cc1cccc(C(=O)O)c1)C(=O)c1cc2ccccc2cn1,-0.209152,-0.072452,0.140802,0.06835
CHEMBL3577884,,3619,CC(c1ccc(F)cc1)N(Cc1cccc(C(=O)O)c1)C(=O)c1ccc2c(c1)CCO2,-0.211266,-0.061378,0.136322,0.074944
CHEMBL3577881,,94,C[C@H](c1ccc(F)cc1)N(Cc1cccc(C(=O)O)c1)C(=O)c1cc2ccccn2n1,-0.211155,-0.053004,0.13207950000000002,0.0790755
CHEMBL3577879,,10000,C[C@H](c1ccc(F)cc1)N(Cc1cccc(C(=O)O)c1)C(=O)Cc1cccc(Cl)c1,-0.232411,-0.056412,0.1444115,0.0879995
CHEMBL4092287,,20000,C[C@H]1[C@H](F)C[C@@H](C(=O)NCc2cc(-c3cnc(C(F)(F)F)nc3)ncc2F)N1S(=O)(=O)c1ccc(F)cc1,-0.24274,-0.072971,0.1578555,0.0848845
CHEMBL4648953,,7.67,O=C1[C@@H]2Cc3c([nH]c4ccccc34)[C@H](c3ccc(F)cc3)N2C(=O)N1c1cccc(C(F)(F)F)c1,-0.202752,-0.039276,0.121014,0.081738
CHEMBL3953123,,10000,Cn1nc2c(c1CC(=O)/N=c1\scc(-c3ccc(F)c(C(F)(F)F)c3F)n1COP(=O)(O)O)c(=O)n(C)c(=O)n2C,-0.207512,-0.058308,0.13291,0.074602
CHEMBL3687333,,105,CCn1c(CN(c2ncc3ccccc3c2C)S(=O)(=O)c2ccc(C(=O)[O-])cc2)cc2cc(Cl)ccc21,-0.020544,-0.002483,0.0115135,0.0090305
CHEMBL3687350,,601,Cc1c(N(Cc2ccc3cn[nH]c3c2)S(=O)(=O)c2ccc(C(=O)O)cc2)ncc2ccccc12,-0.218263,-0.088218,0.1532405,0.0650225
CHEMBL3687387,,66,O=C(O)c1ccc(S(=O)(=O)N(Cc2ccc(OC(F)(F)F)cc2)c2cc3ccccc3c(C3CC3)n2)cc1,-0.220164,-0.077717,0.1489405,0.0712235
CHEMBL3682567,,8.1,Cc1c(N(Cc2ccc3c(c2)CCC3)S(=O)(=O)c2ccc(C(=O)O)cc2)ncc2ccccc12,-0.219764,-0.077312,0.148538,0.071226
CHEMBL3682574,,44,Cc1c(N(Cc2cc3cc(Cl)ccc3n2C)S(=O)(=O)c2ccc(C(=O)[O-])cc2)ncc2ccccc12,-0.023524,-0.000168,0.011846,0.011678
CHEMBL3682576,,58,Cc1c(N(Cc2ccc3c(c2)OC(C)(C)C3)S(=O)(=O)c2ccc(C(=O)O)cc2)ncc2ccccc12,-0.2073,-0.07826,0.14278000000000002,0.06452
CHEMBL3682592,,7.4,CC(C)c1nc(N(Cc2ccc(OC(F)(F)F)cc2)S(=O)(=O)c2ccc(C(=O)O)cc2)c(C(F)(F)F)c2ccccc12,-0.233395,-0.082838,0.1581165,0.0752785
CHEMBL3682609,,3.8,Cc1c(N(Cc2ccc(F)c(C(F)(F)F)c2)S(=O)(=O)c2ccc(C(=O)O)cc2)nc(C2CC2)c2ccccc12,-0.221132,-0.086043,0.1535875,0.0675445
CHEMBL3682611,,695,Cc1cc2ccc(Cl)cc2nc1N(Cc1ccc(OC(F)(F)F)cc1)S(=O)(=O)c1ccc(C(=O)O)cc1,-0.232778,-0.089614,0.161196,0.071582
CHEMBL3639861,,23,O=C(O)c1ccc(S(=O)(=O)N(Cc2ccc(OC(F)(F)F)cc2)c2cc3ccccc3cn2)cc1,-0.213331,-0.091607,0.152469,0.060862
CHEMBL3687339,,83,Cc1c(N(Cc2cc3ccccc3n2C2CC2)S(=O)(=O)c2ccc(C(=O)[O-])cc2)ncc2ccccc12,-0.024041,-0.001689,0.012865,0.011176
CHEMBL3687340,,133,Cc1c(N(Cc2cc3cc(Cl)ccc3n2C2CC2)S(=O)(=O)c2ccc(C(=O)[O-])cc2)ncc2ccccc12,-0.02572,0.002015,0.0118525,0.0138675
CHEMBL3687371,,5.4,Cc1c(N(Cc2cc3cc(Cl)ccc3s2)S(=O)(=O)c2ccc(C(=O)O)cc2)ncc2ccccc12,-0.208218,-0.089933,0.1490755,0.059142499999999994
CHEMBL3687377,,21,Cc1cc2ccccc2nc1N(Cc1cccc(C(F)(F)C2CC2)c1)S(=O)(=O)c1ccc(C(=O)O)cc1,-0.22745,-0.0877,0.15757500000000002,0.069875
CHEMBL3687389,,21,COCc1nc(N(Cc2ccc(OC(F)(F)F)cc2)S(=O)(=O)c2ccc(C(=O)O)cc2)c(C)c2ccccc12,-0.222533,-0.0779,0.1502165,0.0723165
CHEMBL3682540,,3.6,Cc1c(N(Cc2ccc(OC(F)(F)F)c(F)c2)S(=O)(=O)c2ccc(C(=O)[O-])cc2)ncc2ccccc12,-0.027391,-0.001185,0.014287999999999999,0.013103
CHEMBL3682571,,38,Cc1c(N(Cc2ccc(C(F)(F)F)cn2)S(=O)(=O)c2ccc(C(=O)O)cc2)ncc2ccccc12,-0.226191,-0.077346,0.1517685,0.0744225
CHEMBL3682618,,16,Cc1cc2cccc(C)c2nc1N(Cc1ccc(OC(F)(F)F)cc1)S(=O)(=O)c1ccc(C(=O)[O-])cc1,-0.028996,0.001817,0.013589500000000001,0.0154065
CHEMBL3687378,,11,Cc1c(N(Cc2ccc(F)c(C(F)(F)C3CC3)c2)S(=O)(=O)c2ccc(C(=O)O)cc2)ncc2ccccc12,-0.223734,-0.091495,0.1576145,0.0661195
CHEMBL3687385,,8.1,CCc1nc(N(Cc2ccc(OC(F)(F)F)cc2)S(=O)(=O)c2ccc(C(=O)O)cc2)c(C)c2ccccc12,-0.219622,-0.08088,0.150251,0.069371
CHEMBL5083277,,1130,CCOC(=O)/C=C/Oc1nc(-c2ccc(C)cc2)sc1C(=O)OCC,-0.223372,-0.077891,0.1506315,0.0727405
CHEMBL3682585,,11,CCCc1nc(N(Cc2ccc(OC(F)(F)F)cc2)S(=O)(=O)c2ccc(C(=O)O)cc2)c(C)c2ccccc12,-0.218865,-0.081651,0.150258,0.068607
CHEMBL3682595,,97,Cc1c(N(Cc2ccc(OC(F)(F)F)cc2)S(=O)(=O)c2ccc(C(=O)O)cc2)nc(C(C)O)c2ccccc12,-0.21625,-0.083629,0.1499395,0.0663105
CHEMBL3682598,,15,Cc1c(N(Cc2ccc3c(Cl)c[nH]c3c2)S(=O)(=O)c2ccc(C(=O)O)cc2)ncc2ccccc12,-0.195326,-0.084056,0.139691,0.055635
CHEMBL3682614,,3.1,Cc1cccc2cnc(N(Cc3ccc(OC(F)(F)F)cc3)S(=O)(=O)c3ccc(C(=O)O)cc3)c(C)c12,-0.216761,-0.077417,0.147089,0.069672
CHEMBL3682620,,131,O=C(O)c1ccc(S(=O)(=O)N(Cc2ccc(OC(F)(F)F)cc2)c2cc3ccccc3c(Br)n2)cc1,-0.232203,-0.094902,0.1635525,0.0686505
CHEMBL3682621,,54,CCc1cc2ccccc2nc1N(Cc1ccc(OC(F)(F)F)cc1)S(=O)(=O)c1ccc(C(=O)O)cc1,-0.22234,-0.092431,0.1573855,0.0649545
CHEMBL3687325,,2.2,O=C(O)c1ccc(S(=O)(=O)N(Cc2ccc(OC(F)(F)F)cn2)c2ncc3ccccc3c2C2CC2)cc1,-0.224488,-0.076398,0.150443,0.074045
CHEMBL3687367,,2.2,Cc1c(N(Cc2cc3c(Cl)cccc3s2)S(=O)(=O)c2ccc(C(=O)O)cc2)ncc2ccccc12,-0.212812,-0.081164,0.146988,0.065824
CHEMBL3687383,,75,O=C(O)c1ccc(S(=O)(=O)N(Cc2ccc(OC(F)(F)F)cc2)c2ncc(Cl)c3sccc23)cc1,-0.225965,-0.089807,0.157886,0.068079
CHEMBL3353582,,122,O=C(O)c1ccc(S(=O)(=O)N(Cc2ccccc2)c2ncc(-c3ccccc3)cc2Cl)cc1,-0.233037,-0.087013,0.160025,0.073012
CHEMBL3682543,,1.9,Cc1c(N(Cc2ccc(OC(F)(F)F)cc2)S(=O)(=O)c2ccc(C(=O)[O-])cc2)nc(C2CC2)c2ccccc12,-0.023453,0.004099,0.009677,0.013776
CHEMBL3682555,,8.6,Cc1c(N(Cc2ccc3ccccc3c2)S(=O)(=O)c2ccc(C(=O)O)cc2)ncc2ccccc12,-0.194161,-0.08513,0.1396455,0.0545155
CHEMBL3639814,,5.3,Cc1c(N(Cc2ccc3c(c2)OCC3(C)C)S(=O)(=O)c2ccc(C(=O)[O-])cc2)ncc2ccccc12,-0.017249,0.005934,0.0056575,0.011591500000000001
CHEMBL3682577,,10,Cc1c(N(Cc2ccc3c(c2)COC3(C)C)S(=O)(=O)c2ccc(C(=O)O)cc2)ncc2ccccc12,-0.220638,-0.077515,0.1490765,0.0715615
CHEMBL3682603,,52,Cc1c(N(Cc2cc3ccccc3cn2)S(=O)(=O)c2ccc(C(=O)[O-])cc2)ncc2ccccc12,-0.01849,0.001235,0.0086275,0.0098625
CHEMBL3682607,,94,O=C(O)c1ccc(S(=O)(=O)N(Cc2ccc(OC(F)(F)F)cc2)c2ncc(Cl)c3ccccc23)cc1,-0.229861,-0.081328,0.1555945,0.0742665
CHEMBL4795385,,170,NC(=O)[C@@H](c1ccccc1)N(C(=O)c1cccnc1N)[C@@H]1CCc2c(F)cc(Cl)cc21,-0.205508,-0.046954,0.126231,0.079277
CHEMBL3967426,,3.5,COc1nc(-c2ccccc2Cl)cc2nc(-c3c(Cl)c(C(C)(C)C)nn3C)[nH]c12,-0.209211,-0.04245,0.1258305,0.0833805
CHEMBL3907933,,390,Cc1ccccc1C(=O)N([C@H](C)c1cccc(Cl)c1)[C@@H](C(N)=O)c1ccccc1,-0.217157,-0.02102,0.1190885,0.0980685
CHEMBL173443,,3900,CCCCCc1ccc(/C=C/C(=O)Nc2ccccc2C(=O)O)cc1,-0.225561,-0.058013,0.141787,0.083774
CHEMBL3298923,,9200,Cc1cc2[nH]ncc2cc1-c1ccccc1C(F)(F)F,-0.207516,-0.026579,0.1170475,0.0904685
CHEMBL2442032,,1400,CCCCN(C(=O)c1ccccc1OCc1ccccc1)[C@@H]1CCC[C@H](N)C1,-0.198421,-0.0289,0.1136605,0.0847605
CHEMBL3682561,,91,Cc1c(N(Cc2ccc(OCC3CCCC3)cc2)S(=O)(=O)c2ccc(C(=O)[O-])cc2)ncc2ccccc12,-0.02419,0.00665,0.00877,0.01542
CHEMBL3687344,,15,Cc1c(N(Cc2ccc(C(C)(O)C(F)(F)F)c(Cl)c2)S(=O)(=O)c2ccc(C(=O)O)cc2)ncc2ccccc12,-0.223058,-0.089603,0.1563305,0.0667275
CHEMBL3687355,,7.7,Cc1cc2ccccc2nc1N(Cc1ccc(CC2CC2)cc1)S(=O)(=O)c1ccc(C(=O)O)cc1,-0.214671,-0.084744,0.1497075,0.0649635
CHEMBL3687363,,8.8,Cc1c(N(Cc2ccc(COC(F)(F)F)cc2)S(=O)(=O)c2ccc(C(=O)O)cc2)ncc2ccccc12,-0.218729,-0.090199,0.154464,0.064265
CHEMBL3682549,,1.8,Cc1c(N(Cc2ccc(C(C)(C)C)cc2)S(=O)(=O)c2ccc(C(=O)O)cc2)ncc2ccccc12,-0.220783,-0.077852,0.1493175,0.0714655
CHEMBL3682563,,17,Cc1c(N(Cc2ccc(OC3CCCC3)cc2)S(=O)(=O)c2ccc(C(=O)O)cc2)ncc2ccccc12,-0.198659,-0.082452,0.1405555,0.0581035
CHEMBL3682612,,136,Cc1ccc2cnc(N(Cc3ccc(OC(F)(F)F)cc3)S(=O)(=O)c3ccc(C(=O)O)cc3)c(C)c2c1,-0.222135,-0.08712,0.1546275,0.0675075
CHEMBL3687348,,21,Cc1c(N(Cc2ccc3c(Cl)n[nH]c3c2)S(=O)(=O)c2ccc(C(=O)O)cc2)ncc2ccccc12,-0.222359,-0.079835,0.151097,0.071262
CHEMBL3353577,,216,O=C(NCCO)c1ccc(S(=O)(=O)N(Cc2ccccc2)c2ncc(C(F)(F)F)cc2Cl)cc1,-0.240062,-0.079214,0.159638,0.080424
CHEMBL3687398,,5.6,CC(C)c1c(N(Cc2ccc(OC(F)(F)F)cc2)S(=O)(=O)c2ccc(C(=O)O)cc2)ncc2ccccc12,-0.222203,-0.088169,0.155186,0.067017
CHEMBL3687401,,44,Cc1c(N(Cc2ccc(OC(F)(F)F)cc2)S(=O)(=O)c2ccc(C(=O)O)cc2)ncc2cccc(Cl)c12,-0.221282,-0.085206,0.153244,0.068038
CHEMBL2442012,,1850,CCN(C(=O)c1ccccc1OCc1ccccc1C#N)C1CCCC(N)C1,-0.201705,-0.048107,0.12490599999999999,0.076799
CHEMBL2442018,,435,CCN(C(=O)c1ccccc1OCc1ccccc1F)[C@H]1CCC[C@@H](N)C1,-0.201702,-0.030604,0.11615299999999999,0.085549
CHEMBL2442019,,21.1,CCN(C(=O)c1ccccc1OCc1ccccc1F)[C@@H]1CCC[C@H](N)C1,-0.197175,-0.033326,0.11525049999999999,0.0819245
CHEMBL2443079,,9.5,O=C(Nc1ccc(OC(F)(F)F)cc1)N1CCC2(CC1)C[C@@H](O)c1cccc(F)c1O2,-0.205913,-0.011195,0.10855400000000001,0.097359
CHEMBL2443069,,656.9,O=C1CC2(CCN(C(=O)Nc3ccc(C(F)(F)F)cc3)CC2)Oc2c(Br)cccc21,-0.239666,-0.090215,0.1649405,0.0747255
CHEMBL2443066,,113.1,O=C(Nc1nc2ccc(F)cc2s1)N1CCC2(CCc3cccc(Cl)c3O2)CC1,-0.20892,-0.028357,0.1186385,0.0902815
CHEMBL2443088,,289.6,Cc1ccc(NC(=O)N2CCC3(CCc4cccc(Cl)c4O3)CC2)cc1,-0.202474,-0.012769,0.1076215,0.0948525
CHEMBL1094770,,700,CC(C)[C@@H]1CC[C@@H](C)C[C@H]1NC(=O)c1ccc(-c2ccccc2)cc1,-0.224976,-0.045227,0.1351015,0.0898745
CHEMBL3931880,,10000,Cc1oc2c(c1CC(=O)Nc1nc(-c3ccc(OC(F)(F)F)c(Cl)c3)cs1)c(=O)n(C)c(=O)n2C,-0.210629,-0.041012,0.1258205,0.0848085
CHEMBL3894821,,10000,CN1C(=O)c2c(ncn2CC(=O)Nc2nc(-c3ccc(C(C)(C)C)cc3)cs2)N2CCN=C12,-0.193586,-0.043779,0.1186825,0.0749035
CHEMBL3932546,,10000,Cc1oc2c(c1CC(=O)Nc1nc(-c3ccc(Cl)c(OC(F)(F)F)c3)cs1)c(=O)n(C)c(=O)n2C,-0.210628,-0.04258,0.126604,0.084024
CHEMBL4777173,,2000,C=C1[C@H](C)CC[C@@H](C(C)C)[C@@H]1OC(=O)c1ccccc1,-0.24462,-0.049882,0.147251,0.097369
CHEMBL4240425,,390,O=C(c1ccc2ncccc2c1)N1CCc2ccccc2[C@H]1c1ccc(C(F)(F)F)cc1,-0.225614,-0.070359,0.14798650000000002,0.0776275
CHEMBL3577907,,190,C[C@H](c1ccc(F)cc1F)N(Cc1cccc(C(=O)O)n1)C(=O)c1cc2ccccc2cn1,-0.208272,-0.06994,0.139106,0.069166
CHEMBL3577890,,1159,C[C@H](c1ccc(F)cc1)N(Cc1cccc(C(=O)O)n1)C(=O)c1cnc2ccccc2c1,-0.21812,-0.069592,0.143856,0.074264
CHEMBL3613642,,30000,CC(C)N1CCN(S(=O)(=O)c2ccc(NC(=O)c3ccc(C(F)(F)F)cc3[N+](=O)[O-])cc2)CC1,-0.214383,-0.138407,0.176395,0.037987999999999994
CHEMBL3682587,,21,Cc1c(N(Cc2ccc(OC(F)(F)F)cc2)S(=O)(=O)c2ccc(C(=O)O)cc2)nc(OC(C)C)c2ccccc12,-0.207539,-0.08547,0.1465045,0.0610345
CHEMBL3687364,,3.9,Cc1c(N(Cc2ccc(CC3(C(F)(F)F)CC3)cc2)S(=O)(=O)c2ccc(C(=O)O)cc2)ncc2ccccc12,-0.219028,-0.084962,0.151995,0.067033
CHEMBL3956560,,10000,Cc1oc2c(c1CC(=O)Nc1nc(-c3ccc(F)c(C(F)(F)F)c3F)cs1)c(=O)n(C)c(=O)n2C,-0.20763,-0.047218,0.127424,0.080206
CHEMBL3697701,,10000,CCC(=N\O)/C(C)=C/c1ccc(F)cc1,-0.213918,-0.030238,0.12207799999999999,0.09184
CHEMBL3896592,,10000,Cn1c(=O)c2c(CC(=O)Nc3ccn(-c4ccc(Cl)cc4)n3)cccc2n(C)c1=O,-0.200827,-0.053512,0.1271695,0.0736575
CHEMBL3973094,,10000,Cn1c(=O)c2c(CC(=O)Nc3nc(-c4ccc(C(C)(C)C)cc4)cs3)cccc2n(C)c1=O,-0.196175,-0.059979,0.128077,0.068098
CHEMBL3896060,,10000,Cn1c(=O)c2c(CC(=O)Nc3nc(-c4cccc(Cl)c4F)cs3)cccc2n(C)c1=O,-0.213389,-0.061067,0.137228,0.076161
CHEMBL3931425,,10000,Cn1c(=O)c2c(ccn2CC(=O)Nc2nc(-c3ccc(OC(F)(F)F)cc3)cs2)n(C)c1=O,-0.209539,-0.044425,0.126982,0.082557
CHEMBL3937790,,10000,Cn1c(=O)c2c(ccn2CC(=O)Nc2nc(-c3ccc(C(F)(F)F)c(F)c3)cs2)n(C)c1=O,-0.21854,-0.051892,0.135216,0.083324
CHEMBL2440148,,182.1,O=C1CC2(CCN(C(=O)Nc3ccc(OC(F)(F)F)cc3)CC2)Oc2c(F)cccc21,-0.213481,-0.072436,0.1429585,0.0705225
CHEMBL2443082,,666.9,O=C(Nc1ccc(C(F)(F)F)cc1)N1CCC2(CCc3cc(F)ccc3O2)CC1,-0.214672,-0.028298,0.121485,0.093187
CHEMBL3901461,,86000,COc1cccc(CN(C(=O)c2ccccc2)[C@@H](C(=O)N(C)C)c2ccccc2)c1,-0.211712,-0.022531,0.1171215,0.0945905
CHEMBL4785984,,120,NC(=O)[C@@H](c1ccccc1)N(C(=O)c1ccccc1)[C@@H]1CCc2ccc(Cl)cc21,-0.205768,-0.037326,0.121547,0.084221
CHEMBL4763262,,100,NC(=O)[C@@H](c1ccccc1)N(C(=O)c1ccccc1)[C@@H]1CCc2c(F)cc(F)cc21,-0.216515,-0.047788,0.1321515,0.0843635
CHEMBL4748099,,270,NC(=O)[C@@H](c1ccccc1)N(C(=O)c1ccccc1)[C@@H]1CCc2ccccc21,-0.202083,-0.046044,0.12406350000000001,0.0780195
CHEMBL3682551,,26,Cc1c(N(Cc2ccc(-c3ccccc3)cc2)S(=O)(=O)c2ccc(C(=O)O)cc2)ncc2ccccc12,-0.220318,-0.080121,0.1502195,0.0700985
CHEMBL3687365,,1.3,Cc1c(N(Cc2cc3c(F)cc(F)cc3s2)S(=O)(=O)c2ccc(C(=O)O)cc2)ncc2ccccc12,-0.214156,-0.077214,0.145685,0.068471
CHEMBL3687373,,1.4,Cc1cc2ccccc2nc1N(Cc1ccc(C(F)(F)C2CC2)c(Cl)c1)S(=O)(=O)c1ccc(C(=O)O)cc1,-0.223127,-0.093456,0.1582915,0.0648355
CHEMBL3687375,,3.1,Cc1cc2ccccc2nc1N(Cc1ccc(C(F)(F)C2CC2)c(F)c1)S(=O)(=O)c1ccc(C(=O)O)cc1,-0.229516,-0.081615,0.1555655,0.0739505
CHEMBL3682539,,2.7,Cc1c(N(Cc2ccc(OC(F)(F)F)cc2)S(=O)(=O)c2ccc(C(=O)[O-])cc2)ncc2ccccc12,-0.016203,0.000594,0.0078045,0.0083985
CHEMBL3682570,,11,Cc1c(N(Cc2cc(F)c(C(F)(F)F)s2)S(=O)(=O)c2ccc(C(=O)[O-])cc2)ncc2ccccc12,-0.015971,-0.004105,0.010038,0.005933
CHEMBL3682581,,15,Cc1c(N(Cc2ccc(-c3cccc(F)c3)cc2)S(=O)(=O)c2ccc(C(=O)O)cc2)ncc2ccccc12,-0.212216,-0.085017,0.14861649999999998,0.0635995
CHEMBL5270316,,3000,COC(=O)C(NCc1ccccc1)[C@H](Cc1ccccc1)NC(=O)OCc1ccccc1,-0.222451,-0.014213,0.118332,0.104119
CHEMBL5286610,,4,O=C(N[C@]1(c2ccc(OC(F)(F)F)cc2)CCOc2cccnc21)c1ccc2[nH]cnc2c1,-0.215231,-0.033213,0.124222,0.091009
CHEMBL3682605,,40,Cc1c(N(Cc2ccc(C(O)(C(F)(F)F)C(F)(F)F)cc2)S(=O)(=O)c2ccc(C(=O)O)cc2)ncc2ccccc12,-0.22239,-0.083466,0.152928,0.069462
CHEMBL3353575,,57,CNC(=O)c1ccc(S(=O)(=O)N(Cc2ccccc2)c2ncc(C(F)(F)F)cc2Cl)cc1,-0.243296,-0.069818,0.156557,0.086739
CHEMBL3353593,,41,O=C(O)c1ccc(S(=O)(=O)N(Cc2cccc(C(F)(F)F)c2)c2ncc(C(F)(F)F)cc2Cl)cc1,-0.248148,-0.092169,0.1701585,0.0779895
CHEMBL3353602,,8,CC1(c2ccc(CN(c3ncc(C(F)(F)F)cc3Cl)S(=O)(=O)c3ccc(C(=O)O)cc3)cc2)CC1,-0.230819,-0.092294,0.1615565,0.0692625
CHEMBL3353604,,18216,CC(=O)Nc1ccc(CN(c2ncc(C(F)(F)F)cc2Cl)S(=O)(=O)c2ccc(C(=O)O)cc2)cc1,-0.219952,-0.087477,0.1537145,0.0662375
CHEMBL3353609,,11,O=C(O)c1ccc(S(=O)(=O)N(Cc2ccc(C(F)(F)F)cc2)c2ncc(Cl)cc2Cl)cc1,-0.25557,-0.088186,0.171878,0.083692
CHEMBL3943177,,10000,Cn1c(=O)c2c(CC(=O)Nc3nc(-c4ccc(F)c(C(F)(F)F)c4F)cs3)cccc2n(C)c1=O,-0.213625,-0.063684,0.1386545,0.0749705
CHEMBL3906234,,10000,Cn1nc2c(c1CC(=O)Nc1nc(-c3ccc(C(F)(F)F)cc3)cs1)c(=O)n(C)c(=O)n2C,-0.220065,-0.050081,0.135073,0.084992
CHEMBL3894956,,10000,CCc1sc2c(c1CC(=O)Nc1nc(-c3ccc(C(F)(F)F)c(F)c3)cs1)c(=O)n(C)c(=O)n2C,-0.215416,-0.048478,0.131947,0.083469
CHEMBL3976535,,10000,Cn1c(=O)c2c(CC(=O)Nc3nc(-c4cc(Cl)c(OCC(F)(F)F)c(Cl)c4)cs3)coc2n(C)c1=O,-0.215223,-0.046263,0.130743,0.08448
CHEMBL3942587,,10000,Cn1c(=O)c2c(CC(=O)Nc3nc(-c4ccc(F)c(C(F)(F)F)c4)cs3)coc2n(C)c1=O,-0.210762,-0.042244,0.126503,0.084259
CHEMBL3905460,,10000,Cc1oc2c(c1CC(=O)Nc1nc(-c3cc(F)cc(C(F)(F)F)c3)cs1)c(=O)n(C)c(=O)n2C,-0.209816,-0.0449,0.127358,0.082458
CHEMBL3892326,,10000,Cn1c(=O)c2c(CC(=O)Nc3nc(-c4ccc(OC(F)(F)F)c(Cl)c4)cs3)nsc2n(C)c1=O,-0.209741,-0.05396,0.1318505,0.0778905
CHEMBL3894760,,10000,Cn1c(=O)c2c(CC(=O)Nc3nc(-c4ccc(F)c(C(F)(F)F)c4F)cs3)onc2n(C)c1=O,-0.220948,-0.070167,0.1455575,0.0753905
CHEMBL3900789,,10000,Cn1nc2c(c1CC(=O)Nc1nc(-c3ccc(OC(F)(F)F)c(F)c3)cs1)c(=O)n(C)c(=O)n2C,-0.213623,-0.049872,0.13174750000000002,0.0818755
CHEMBL3905406,,10000,Cn1c(=O)c2c(CC(=O)Nc3nc(-c4ccc(C(F)(F)F)c(F)c4)cs3)ccnc2n(C)c1=O,-0.216655,-0.077613,0.147134,0.069521
CHEMBL3687342,,2.9,Cc1c(N(Cc2ccc(CC3CC3)c(F)c2)S(=O)(=O)c2ccc(C(=O)O)cc2)ncc2ccccc12,-0.218057,-0.08719,0.1526235,0.0654335
CHEMBL3687362,,4.6,Cc1c(N(Cc2ccc(C(F)(F)C3CC3)cc2)S(=O)(=O)c2ccc(C(=O)O)cc2)ncc2ccccc12,-0.219959,-0.088736,0.1543475,0.0656115
CHEMBL3972562,,10000,CNC(=O)[C@@H](c1ccccc1)N(Cc1cccc(OC)c1)C(=O)c1ccccc1,-0.211981,-0.052867,0.132424,0.079557
CHEMBL3898239,,10000,Cc1oc2c(c1CC(=O)Nc1nc(-c3ccc(C(F)(F)F)c(F)c3F)cs1)c(=O)n(C)c(=O)n2C,-0.207843,-0.054823,0.131333,0.07651
CHEMBL3912738,,10000,Cn1c(=O)c2c(CC(=O)Nc3nc(-c4ccc(C(F)(F)F)c(F)c4)cs3)nsc2n(C)c1=O,-0.218014,-0.055613,0.1368135,0.0812005
CHEMBL3687361,,148,Cc1nc2ccc(CN(c3ncc4ccccc4c3C)S(=O)(=O)c3ccc(C(=O)O)cc3)cc2s1,-0.218474,-0.074799,0.1466365,0.0718375
CHEMBL3687381,,0.8,O=C([O-])c1ccc(S(=O)(=O)N(Cc2ccc(C(F)(F)C3CC3)c(F)c2)c2ncc3ccccc3c2C2CC2)cc1,-0.023309,0.010842,0.0062335,0.0170755
CHEMBL3687404,,0.9,O=C([O-])c1ccc(S(=O)(=O)N(Cc2ccc(C(F)(F)C3CC3)c(Cl)c2)c2ncc3ccccc3c2C(F)(F)F)cc1,-0.028531,-0.015845,0.022188,0.006343
CHEMBL5268409,,1800,Cc1nc(-c2sc(-c3cccc(F)c3)nc2O)no1,-0.211859,-0.066331,0.139095,0.072764
CHEMBL5290541,,100000,CCn1nnnc1-c1sc(-c2cccc(F)c2)nc1O,-0.217555,-0.076563,0.147059,0.070496
CHEMBL5271998,,167,O=C(c1sc(-c2cccc(F)c2)nc1O)N1CCCCO1,-0.216044,-0.067602,0.141823,0.074221
CHEMBL5279250,,100000,O=C(c1sc(-c2cccc(F)c2)nc1O)N1CCCOC1,-0.222785,-0.075552,0.1491685,0.0736165
CHEMBL3577898,,288,C[C@H](c1ccc(F)cc1F)N(Cc1cccc(C(=O)O)c1)C(=O)c1cnc2ccccc2c1,-0.219815,-0.07843,0.1491225,0.0706925
CHEMBL3922771,,10000,Cc1oc2c(c1CC(=O)Nc1nc(-c3ccc(OCC(F)(F)F)c(Cl)c3)cs1)c(=O)n(C)c(=O)n2C,-0.207106,-0.039693,0.12339950000000001,0.0837065
CHEMBL3977053,,10000,Cc1oc2c(c1CC(=O)/N=c1\scc(-c3ccc(OC(F)(F)F)c(Cl)c3)n1COP(=O)(O)O)c(=O)n(C)c(=O)n2C,-0.191083,-0.038861,0.114972,0.076111
CHEMBL4238921,,15,COc1ccc(C(=O)N[C@@H](c2ccc(C(F)(F)F)cc2)c2ncccc2C(F)(F)F)cn1,-0.238062,-0.046029,0.1420455,0.0960165
CHEMBL4247840,,8,O=C(N[C@@H](c1ccc(C(F)(F)F)cc1)c1ncccc1C(F)(F)F)c1ccc(O)cc1,-0.227814,-0.053258,0.140536,0.087278
CHEMBL4239691,,92,Cc1cccc([C@H](NC(=O)c2ccc3cccnc3c2)c2ncccc2C(F)(F)F)c1,-0.219331,-0.066794,0.1430625,0.0762685
CHEMBL3891778,,10000,CC(C)CCOc1ccc(-c2csc(NC(=O)Cc3cccc4c3c(=O)n(C)c(=O)n4C)n2)cc1,-0.186131,-0.059049,0.12258999999999999,0.063541
CHEMBL3987145,,10000,Cn1c(=O)c2c(CC(=O)Nc3nc(-c4ccc(C(F)(F)F)c(F)c4F)cs3)cccc2n(C)c1=O,-0.22474,-0.062599,0.1436695,0.0810705
CHEMBL3947368,,10000,Cn1c(=O)c2c(CC(=O)Nc3nc(-c4cc(F)c(C(F)(F)F)c(F)c4)cs3)cccc2n(C)c1=O,-0.217685,-0.065341,0.141513,0.076172
CHEMBL3956363,,10000,Cc1sc2c(c1CC(=O)Nc1nc(-c3ccc(Cl)c(Cl)c3)cs1)c(=O)n(C)c(=O)n2C,-0.211181,-0.043381,0.127281,0.0839
CHEMBL3981050,,10000,Cn1c(=O)c2c(CC(=O)Nc3nc(-c4cc(F)c(CCC(F)(F)F)c(F)c4)cs3)coc2n(C)c1=O,-0.207912,-0.037556,0.12273400000000001,0.085178
CHEMBL3929233,,10000,Cn1c(=O)c2c(CC(=O)Nc3nc(-c4cc(F)c(OCC(F)(F)F)c(Cl)c4)cs3)coc2n(C)c1=O,-0.218038,-0.046686,0.132362,0.085676
CHEMBL3948438,,10000,Cn1c(=O)c2c(CC(=O)Nc3nc(-c4ccc(I)cc4)cs3)cccc2n(C)c1=O,-0.212656,-0.076602,0.144629,0.068027
CHEMBL4208555,,3000,O=C(NC[C@@H](Cc1ccccc1)N1CCC(O)(C(F)(F)F)CC1)C1(c2ccc(Cl)cc2)CCCC1,-0.193011,-0.017901,0.105456,0.087555
CHEMBL3353587,,1562,O=C(O)c1ccc(S(=O)(=O)N(Cc2ccccc2)c2ncc(Cl)cc2C(F)(F)F)cc1,-0.245005,-0.088756,0.1668805,0.0781245
CHEMBL3353608,,16,O=C(O)c1ccc(S(=O)(=O)N(Cc2ccc(F)c(C(F)(F)F)c2)c2ncc(Cl)cc2Cl)cc1,-0.254564,-0.084938,0.169751,0.084813
CHEMBL4786793,,1200,C[C@H](c1ccccc1)N(C(=O)c1ccccc1)[C@@H](C(N)=O)c1ccccc1,-0.212463,-0.039452,0.1259575,0.0865055
CHEMBL5287269,,4770,CCn1nnc(-c2sc(-c3cccc(N(C)C)c3)nc2O)n1,-0.183408,-0.052438,0.117923,0.065485
CHEMBL5269673,,8.5,CCC(=O)c1sc(-c2cccc(F)c2)nc1O,-0.226584,-0.078675,0.1526295,0.0739545
CHEMBL4550460,,18500,C/C=C(\C)[C@H]1C(C)=C[C@H]2C[C@@H](C)C[C@@H](C(=O)O)[C@@H]2[C@@]1(C)C(=O)CCO,-0.209935,-0.007931,0.108933,0.10100200000000001
CHEMBL104,,8000,Clc1ccccc1C(c1ccccc1)(c1ccccc1)n1ccnc1,-0.207234,-0.031196,0.119215,0.088019
CHEMBL5272167,,5,CCn1/c(=N/S(=O)(=O)c2ccccc2)n(Cc2ccc(C(F)(F)F)c(F)c2)c2cc(C(F)(F)F)ccc21,-0.214232,-0.044462,0.129347,0.084885
CHEMBL3953065,,10000,Cn1c(=O)c2c(CC(=O)Nc3nc(-c4ccc(Cl)c(Cl)c4)cs3)cccc2n(C)c1=O,-0.208424,-0.059121,0.1337725,0.0746515
CHEMBL3904928,,10000,Cc1oc2c(c1CC(=O)Nc1nc(-c3ccc(OC(F)(F)F)c(F)c3)cs1)c(=O)n(C)c(=O)n2C,-0.208305,-0.0415,0.1249025,0.0834025
CHEMBL5275700,,7550,CCn1nnc(-c2sc(-c3ccc(Cl)cc3)nc2O)n1,-0.20839,-0.065148,0.136769,0.071621
CHEMBL4751372,,2200,C[C@H](c1cc(F)cc(F)c1F)N(C(=O)c1ccccc1)[C@@H](C(N)=O)c1ccccc1,-0.208726,-0.057197,0.1329615,0.0757645
CHEMBL4759917,,90,NC(=O)[C@@H](c1ccccc1)N(C(=O)c1ccccc1)[C@@H]1CCc2ccc(F)cc21,-0.200987,-0.055551,0.128269,0.072718
CHEMBL4785621,,380,COc1ncccc1C(=O)N([C@@H]1CCc2c(F)cc(Cl)cc21)[C@@H](C(N)=O)c1ccccc1,-0.223994,-0.032394,0.128194,0.0958
CHEMBL294199,,1000,COc1cc(CNC(=O)CCCC/C=C/C(C)C)ccc1O,-0.195347,0.008374,0.0934865,0.10186049999999999
CHEMBL5267089,,20,COc1cc(CN(CCN)c2nc3ccccc3s2)ccc1OCc1ccccc1F,-0.186952,-0.012838,0.099895,0.087057
CHEMBL4587626,,10000,C[C@H](c1ccc(F)cc1)N(Cc1ccc(Cl)c(C(=O)O)c1)C(=O)c1cnc2ccccc2c1,-0.218316,-0.079973,0.1491445,0.0691715
CHEMBL3682556,,2.5,COc1nc(N(Cc2ccc(OC(F)(F)F)cc2)S(=O)(=O)c2ccc(C(=O)[O-])cc2)c(C)c2ccccc12,-0.021092,0.01083,0.005131,0.015961
CHEMBL3682578,,3.1,Cc1c(N(Cc2cc3ccccc3s2)S(=O)(=O)c2ccc(C(=O)[O-])cc2)ncc2ccccc12,-0.018634,0.00228,0.008177,0.010457000000000001
CHEMBL3682579,,79,Cc1c(N(CC2CCN(c3ccccc3)CC2)S(=O)(=O)c2ccc(C(=O)O)cc2)ncc2ccccc12,-0.174112,-0.088497,0.1313045,0.0428075
CHEMBL3682583,,91,Cc1c(N(Cc2ccc(OC(F)(F)F)cc2)S(=O)(=O)c2ccc(C(=O)[O-])cc2)nc(-c2ccccc2)c2ccccc12,-0.025121,-0.001059,0.013090000000000001,0.012031
CHEMBL3682602,,62,Cc1c(N(Cc2ccc(OC(F)(F)F)cc2)S(=O)(=O)c2ccc(C(C)(C)O)cc2)ncc2ccccc12,-0.217593,-0.05886,0.1382265,0.0793665
CHEMBL3687379,,9.6,Cc1cc2ccccc2nc1N(Cc1ccc(F)c(C(F)(F)C2CC2)c1)S(=O)(=O)c1ccc(C(=O)O)cc1,-0.223237,-0.086563,0.15489999999999998,0.068337
CHEMBL3682590,,2,O=C(O)c1ccc(S(=O)(=O)N(Cc2ccc(OC(F)(F)F)cc2)c2ncc3ccccc3c2C(F)(F)F)cc1,-0.236921,-0.085444,0.1611825,0.0757385
CHEMBL3682593,,14,CC(=O)c1c(N(Cc2ccc(OC(F)(F)F)cc2)S(=O)(=O)c2ccc(C(=O)O)cc2)ncc2ccccc12,-0.224988,-0.086336,0.155662,0.069326
CHEMBL3682594,,25,CC(O)c1c(N(Cc2ccc(OC(F)(F)F)cc2)S(=O)(=O)c2ccc(C(=O)O)cc2)ncc2ccccc12,-0.224085,-0.080695,0.15239,0.071695
CHEMBL3682601,,13,CONC(=O)c1ccc(S(=O)(=O)N(Cc2ccc(OC(F)(F)F)cc2)c2ncc3ccccc3c2C)cc1,-0.221356,-0.080594,0.150975,0.070381
CHEMBL3687332,,38,CCn1c(CN(c2ncc3ccccc3c2C)S(=O)(=O)c2ccc(C(=O)[O-])cc2)cc2ccccc21,-0.024584,0.001207,0.011688500000000001,0.0128955
CHEMBL5284452,,12200,O=C(c1sc(-c2cccc(F)c2)nc1O)N1CCOCC1,-0.223061,-0.076326,0.1496935,0.0733675
CHEMBL4749804,,120,NC(=O)[C@@H](c1ccccc1)N(C(=O)c1ccccc1)[C@@H]1CCc2c(F)cccc21,-0.206996,-0.052177,0.1295865,0.0774095
CHEMBL4791592,,50,C[C@H](c1cc(F)cc(F)c1)N(C(=O)c1ccccc1O)[C@@H](C(N)=O)c1ccccc1,-0.200678,-0.055398,0.12803799999999999,0.07264
CHEMBL4758145,,720,NC(=O)[C@@H](c1ccccc1)N(C(=O)c1ccccc1)[C@@H]1CCc2c(Cl)cccc21,-0.219027,-0.050528,0.1347775,0.0842495
CHEMBL4745090,,1400,NC(=O)[C@@H](c1ccccc1)N(C(=O)c1ccccc1)[C@@H]1CCCc2ccccc21,-0.207028,-0.038323,0.12267549999999999,0.0843525
CHEMBL422704,,40700,CCCCCc1cc(O)c2c(c1)OC(C)(CCC=C(C)C)C=C2,-0.191856,-0.014084,0.10297,0.088886
CHEMBL65312,,32,CCOC(=O)c1sc(-c2ccccc2)nc1O,-0.22064,-0.070319,0.1454795,0.0751605
CHEMBL5277486,,100000,CCOC(=O)c1sc(-c2ccccc2)nc1OC,-0.216932,-0.069886,0.143409,0.073523
CHEMBL5273671,,1300,CCOC(=O)c1sc(-c2cccc(Cl)c2)nc1O,-0.22866,-0.0796,0.15413,0.07453
CHEMBL5286159,,100000,CCOC(=O)c1oc(-c2ccc(Cl)cc2)nc1O,-0.223724,-0.0701,0.146912,0.076812
CHEMBL5280890,,6,CCn1c(N(Cc2ccc(C(F)(F)F)cc2)S(=O)(=O)c2ccccc2)nc2cc(F)ccc21,-0.221828,-0.065474,0.143651,0.078177
CHEMBL258502,,800,COc1ccc(CCCOC(Cn2ccnc2)c2ccc(OC)cc2)cc1,-0.200706,-0.001567,0.1011365,0.0995695
CHEMBL465718,,150,CCCCCc1cc2c(c(O)c1C(=O)O)[C@@H]1C=C(C)CC[C@H]1C(C)(C)O2,-0.208961,-0.022232,0.1155965,0.0933645
CHEMBL5269402,,150,C=C(C)[C@]12C[C@@H](C)[C@@]34OC(Cc5ccccc5)(O[C@@H]1C3C=C(COC(=O)Cc1ccc(O)c(OC)c1)C[C@]1(O)C(=O)C(C)=C[C@@H]41)O2,-0.204217,-0.05699,0.1306035,0.0736135
CHEMBL5275380,,0.3,O=S(=O)(c1ccc(-c2nnn[nH]2)cc1)N(Cc1ccc(OC(F)(F)F)cc1)c1ncc2ccccc2c1C1CC1,-0.219071,-0.086706,0.15288849999999998,0.0661825
CHEMBL4241349,,13,O=C(O)c1ccc(C(=O)N[C@@H](c2ccc(OC(F)(F)F)c(F)c2)c2ncccc2F)nc1,-0.233557,-0.086262,0.15990949999999998,0.0736475
CHEMBL4238340,,10000,O=C(N[C@@H](c1nccs1)c1ncccc1C(F)(F)F)c1ccc2cccnc2c1,-0.22434,-0.065696,0.145018,0.079322
CHEMBL4245611,,75,Cc1ccc([C@H](NC(=O)c2ccc3cccnc3c2)c2ncccc2C(F)(F)F)cc1,-0.212971,-0.067851,0.140411,0.07256
CHEMBL5279438,,100000,CCOC(=O)c1cnc(-c2ccccc2)s1,-0.229842,-0.073209,0.15152549999999998,0.0783165
CHEMBL5273282,,39,CCOC(=O)c1sc(-c2cccc(F)c2)nc1O,-0.226477,-0.077118,0.1517975,0.0746795
CHEMBL5281922,,309,COc1cccc(NS(=O)(=O)c2c(C)cc(C)c([N+](=O)[O-])c2C)c1,-0.219135,-0.116825,0.16798,0.051155
CHEMBL5289538,,100000,COC(=O)c1nc(-c2ccccc2)sc1O,-0.214228,-0.050155,0.1321915,0.0820365
CHEMBL5269570,,369,CCn1nnc(-c2sc(-c3cccc(C)c3)nc2O)n1,-0.2043,-0.056794,0.130547,0.073753
CHEMBL5274774,,6000,C[C@H](N)[C@H](O)C/C=C\C/C=C\C/C=C\C/C=C\C/C=C\C/C=C\CCCCCC[C@@H](O)[C@H](C)N,-0.195546,0.01761,0.088968,0.106578
CHEMBL190461,,60,C=C(C)[C@@H]1CCC(C)=C[C@H]1c1c(O)cc(CCCCC)cc1O,-0.196698,0.01176,0.092469,0.104229
CHEMBL5290143,,100000,CCOC(=O)c1sc(-c2ccccc2)nc1CO,-0.225869,-0.072481,0.149175,0.076694
CHEMBL5285119,,26,Cc1c(N(Cc2ccc(OC(F)(F)F)cc2)S(=O)(=O)CCN2CCC(c3ccccc3)CC2)sc2ccccc12,-0.20569,-0.038354,0.122022,0.083668
CHEMBL5291176,,66,CON(C)C(=O)c1sc(-c2ccccc2O)nc1O,-0.219944,-0.064777,0.1423605,0.0775835
CHEMBL3687409,,103,CNC(=O)c1ccc(S(=O)(=O)N(Cc2ccc(OC(F)(F)F)cc2)c2ncc3ccccc3c2C)cc1,-0.222672,-0.070826,0.14674900000000002,0.075923
CHEMBL5093646,,4060,CCOC(=O)c1sc(-c2cccc(F)c2)nc1C#CCCCC(=O)O,-0.228576,-0.081625,0.1551005,0.0734755
CHEMBL5274341,,9,CC(C)OP(=O)(OC(C)C)[C@@H](Cc1ccc(F)c(C(F)(F)F)c1)c1sc2ccccc2c1Br,-0.222696,-0.057097,0.1398965,0.0827995
CHEMBL5280999,,100000,CCOC(=O)c1ccc(-c2cccc(F)c2)cc1O,-0.226967,-0.054304,0.1406355,0.0863315
CHEMBL5284655,,958,CC(=O)c1sc(-c2cccc(F)c2)nc1O,-0.226662,-0.078239,0.1524505,0.0742115
CHEMBL5267628,,32,O=C(c1sc(-c2cccc(F)c2)nc1O)N1CCCCCO1,-0.217401,-0.068496,0.1429485,0.0744525
CHEMBL5282295,,977,CSc1cc(-c2ccc(Cl)cc2)[nH]n1,-0.221947,-0.039476,0.1307115,0.0912355
CHEMBL5283563,,6400,CCN(C)C(=O)c1sc(-c2ccccc2)nc1O,-0.213101,-0.065248,0.1391745,0.0739265
CHEMBL5266721,,10,Cc1ccc2nc(C(F)(F)F)n(-c3ccc(C(=O)CN4C(=O)NC5(CCC(F)(F)CC5)C4=O)cc3)c2n1,-0.241794,-0.077301,0.1595475,0.0822465
CHEMBL5287298,,575,CCN(C(=O)/C=C/c1cccc([N+](=O)[O-])c1)c1ccccc1,-0.217888,-0.112973,0.1654305,0.0524575
CHEMBL5279842,,1680,CCON(C)C(=O)c1sc(-c2cccc(F)c2)nc1O,-0.219687,-0.073191,0.14643899999999999,0.073248
CHEMBL5278729,,214,Cn1nnc(-c2sc(-c3cccc(F)c3)nc2O)n1,-0.211662,-0.064932,0.138297,0.073365
CHEMBL5268544,,16500,CCn1nnc(-c2sc(-c3c(Cl)cccc3Cl)nc2O)n1,-0.213957,-0.059561,0.13675900000000002,0.077198
CHEMBL5277700,,100000,CCOC(=O)c1sc(-c2ccccc2)nc1N,-0.20209,-0.064098,0.133094,0.068996
CHEMBL5279560,,81,O=C(c1sc(-c2ccccc2O)nc1O)N1CCCCO1,-0.200827,-0.053512,0.1271695,0.0736575
CHEMBL465,,160,CCCCCc1cc(O)c2c(c1)OC(C)(C)[C@@H]1CCC(C)=C[C@@H]21,-0.198581,0.014958,0.0918115,0.1067695
CHEMBL5276539,,100000,O=C(O)c1sc(-c2ccccc2)nc1O,-0.220999,-0.071041,0.14602,0.074979
CHEMBL5268431,,160,CCOC(=O)c1sc(-c2ccc(C)cc2)nc1O,-0.215166,-0.066669,0.1409175,0.0742485
CHEMBL5279823,,286,CCn1nnc(-c2sc(-c3ccc(F)cc3)nc2O)n1,-0.205603,-0.059778,0.1326905,0.0729125
CHEMBL5287528,,100000,Oc1nc(-c2cccc(F)c2)sc1-c1nn[nH]n1,-0.21553,-0.067819,0.1416745,0.0738555
CHEMBL5270159,,11600,CCn1nnc(-c2sc(-c3ccc(O)cc3)nc2O)n1,-0.197454,-0.053103,0.1252785,0.0721755
CHEMBL5266190,,142,CCCC(=O)c1sc(-c2cccc(F)c2)nc1O,-0.225915,-0.077989,0.151952,0.073963
CHEMBL5284265,,700,CCCCC/C=C/C/C=C\C/C=C/C/C=C/CCCC(=O)NCCc1ccc(O)c(O)c1,-0.196244,0.006565,0.0948395,0.1014045
CHEMBL808,,420,Clc1ccc(COC(Cn2ccnc2)c2ccc(Cl)cc2Cl)cc1,-0.216712,-0.037897,0.1273045,0.0894075
CHEMBL5268297,,9100,Cc1nnc(-c2sc(-c3cccc(F)c3)nc2O)o1,-0.205834,-0.07156,0.138697,0.067137
CHEMBL1779158,,800,c1ccc(CN(CCc2c[nH]c3ccccc23)Cc2ccccc2)cc1,-0.180496,-0.000734,0.090615,0.089881
CHEMBL5279232,,950,CCOC(=O)Cc1sc(-c2ccccc2)nc1O,-0.205265,-0.050957,0.128111,0.077154
CHEMBL5282352,,61,CCn1nnc(-c2sc(-c3cccc(N)c3)nc2O)n1,-0.19266,-0.053534,0.123097,0.069563
CHEMBL207433,,1600,O=C(Nc1ccccc1Br)N[C@@H]1CCN(c2ccc(C(F)(F)F)cn2)C1,-0.223163,-0.046322,0.1347425,0.0884205
CHEMBL1377190,,550,CCOC(=O)c1sc(-c2ccc(Cl)cc2)nc1O,-0.224173,-0.077486,0.1508295,0.0733435
CHEMBL5275535,,1890,CCn1nnc(-c2sc(-c3cnccn3)nc2O)n1,-0.219606,-0.077476,0.148541,0.071065
CHEMBL5269450,,289,CC(C)CC(=O)c1sc(-c2cccc(F)c2)nc1O,-0.223227,-0.078059,0.150643,0.072584
CHEMBL5289662,,1500,CCON(C)C(=O)c1sc(-c2ccccc2O)nc1O,-0.215751,-0.058923,0.137337,0.078414